-- MySQL dump 10.13  Distrib 8.0.29, for Win64 (x86_64)
--
-- Host: localhost    Database: webthaotran
-- ------------------------------------------------------
-- Server version	8.0.29

/*!40101 SET @OLD_CHARACTER_SET_CLIENT=@@CHARACTER_SET_CLIENT */;
/*!40101 SET @OLD_CHARACTER_SET_RESULTS=@@CHARACTER_SET_RESULTS */;
/*!40101 SET @OLD_COLLATION_CONNECTION=@@COLLATION_CONNECTION */;
/*!50503 SET NAMES utf8 */;
/*!40103 SET @OLD_TIME_ZONE=@@TIME_ZONE */;
/*!40103 SET TIME_ZONE='+00:00' */;
/*!40014 SET @OLD_UNIQUE_CHECKS=@@UNIQUE_CHECKS, UNIQUE_CHECKS=0 */;
/*!40014 SET @OLD_FOREIGN_KEY_CHECKS=@@FOREIGN_KEY_CHECKS, FOREIGN_KEY_CHECKS=0 */;
/*!40101 SET @OLD_SQL_MODE=@@SQL_MODE, SQL_MODE='NO_AUTO_VALUE_ON_ZERO' */;
/*!40111 SET @OLD_SQL_NOTES=@@SQL_NOTES, SQL_NOTES=0 */;

--
-- Table structure for table `card`
--

DROP TABLE IF EXISTS `card`;
/*!40101 SET @saved_cs_client     = @@character_set_client */;
/*!50503 SET character_set_client = utf8mb4 */;
CREATE TABLE `card` (
  `id` int NOT NULL AUTO_INCREMENT,
  `userid` int NOT NULL,
  `stateCard` int DEFAULT '0',
  PRIMARY KEY (`id`),
  UNIQUE KEY `userid_UNIQUE` (`userid`),
  CONSTRAINT `fk_user` FOREIGN KEY (`userid`) REFERENCES `user` (`id`)
) ENGINE=InnoDB AUTO_INCREMENT=11 DEFAULT CHARSET=utf8mb4 COLLATE=utf8mb4_0900_ai_ci;
/*!40101 SET character_set_client = @saved_cs_client */;

--
-- Dumping data for table `card`
--

LOCK TABLES `card` WRITE;
/*!40000 ALTER TABLE `card` DISABLE KEYS */;
INSERT INTO `card` VALUES (1,4,0),(3,6,0),(9,45,0),(10,50,0);
/*!40000 ALTER TABLE `card` ENABLE KEYS */;
UNLOCK TABLES;

--
-- Table structure for table `carddetail`
--

DROP TABLE IF EXISTS `carddetail`;
/*!40101 SET @saved_cs_client     = @@character_set_client */;
/*!50503 SET character_set_client = utf8mb4 */;
CREATE TABLE `carddetail` (
  `id` int NOT NULL AUTO_INCREMENT,
  `idCard` int NOT NULL,
  `idProduct` int NOT NULL,
  `idCoupon` int DEFAULT NULL,
  `dongia` double NOT NULL,
  `quantity` int NOT NULL,
  `sumMoney` double NOT NULL,
  `createDate` date DEFAULT (curdate()),
  PRIMARY KEY (`id`),
  KEY `fk_card` (`idCard`),
  KEY `fk_productDe` (`idProduct`),
  KEY `fk_coupon` (`idCoupon`),
  CONSTRAINT `fk_card` FOREIGN KEY (`idCard`) REFERENCES `card` (`id`),
  CONSTRAINT `fk_coupon` FOREIGN KEY (`idCoupon`) REFERENCES `coupon` (`id`),
  CONSTRAINT `fk_productDe` FOREIGN KEY (`idProduct`) REFERENCES `product` (`id`)
) ENGINE=InnoDB AUTO_INCREMENT=22 DEFAULT CHARSET=utf8mb4 COLLATE=utf8mb4_0900_ai_ci;
/*!40101 SET character_set_client = @saved_cs_client */;

--
-- Dumping data for table `carddetail`
--

LOCK TABLES `carddetail` WRITE;
/*!40000 ALTER TABLE `carddetail` DISABLE KEYS */;
INSERT INTO `carddetail` VALUES (6,3,7,1,200000,1,200000,'2022-05-22'),(7,3,8,1,200000,1,22000,'2022-05-22');
/*!40000 ALTER TABLE `carddetail` ENABLE KEYS */;
UNLOCK TABLES;

--
-- Table structure for table `category`
--

DROP TABLE IF EXISTS `category`;
/*!40101 SET @saved_cs_client     = @@character_set_client */;
/*!50503 SET character_set_client = utf8mb4 */;
CREATE TABLE `category` (
  `id` int NOT NULL AUTO_INCREMENT,
  `nameCategory` varchar(200) NOT NULL,
  `image` varchar(200) NOT NULL,
  `description` text NOT NULL,
  PRIMARY KEY (`id`),
  UNIQUE KEY `nameCategory` (`nameCategory`)
) ENGINE=InnoDB AUTO_INCREMENT=60 DEFAULT CHARSET=utf8mb4 COLLATE=utf8mb4_0900_ai_ci;
/*!40101 SET character_set_client = @saved_cs_client */;

--
-- Dumping data for table `category`
--

LOCK TABLES `category` WRITE;
/*!40000 ALTER TABLE `category` DISABLE KEYS */;
INSERT INTO `category` VALUES (2,'Thiết bị gia dụng','default.png','default.jpg'),(5,'Test ngành hàng','image-1652522272332.png','456464'),(39,'Nhà cửa đời sống','image-1653247377061.png','Bao gồm các sản phẩm xung quanh đời sống'),(40,'Ba lô & ví nam','image-1653247394081.png','Bao gồm các sản phẩm xung quanh ba lô, ví nam'),(41,'Bách hóa online','image-1653247408097.png','Bao gồm các sản phẩm xung quanh bách hóa online'),(42,'Chăm sóc thú cưng','image-1653247676128.png','Bao gồm các sản phẩm xung quanh chăm sóc thú cưng'),(43,'Điện thoại','image-1653247691187.png','Bao gồm các sản phẩm xung quanh điện thoại'),(44,'Đồ chơi','image-1653247703088.png','Bao gồm các sản phẩm xung quanh đồ chơi'),(45,'Đồng hồ','image-1653247714023.png','Bao gồm các sản phẩm xung quanh đồng hồ'),(46,'Giặt giũ & chăm sóc nhà cửa','image-1653247724914.png','Bao gồm các sản phẩm xung quanh giặt giũ & chăm sóc nhà cửa'),(47,'Giày dép nữ','image-1653247508496.png','Bao gồm các sản phẩm xung quanh giày dép nữ'),(48,'Giày nam','image-1653247523554.png','Bao gồm các sản phẩm xung quanh giày nam'),(49,'Máy ảnh','image-1653247549579.png','Bao gồm các sản phẩm xung quanh máy ảnh'),(50,'Máy tính','image-1653247563513.png','Bao gồm các sản phẩm xung quanh máy tính'),(51,'Mẹ và bé','image-1653247576988.png','Bao gồm các sản phẩm xung quanh mẹ và bé'),(52,'Nhà sách online','image-1653247745914.png','Bao gồm các sản phẩm xung quanh nhà sách online'),(53,'Ô tô & xe máy','image-1653247756497.png','Bao gồm các sản phẩm xung quanh ô tô xe máy'),(54,'Phụ kiện trang sức nữ','image-1653247776898.png','Bao gồm các sản phẩm xung quanh phụ kiện trang sức nữ'),(55,'Sắc đẹp','image-1653247789177.png','Bao gồm các sản phẩm xung quanh sắc đẹp'),(56,'Sức khỏe','image-1653247804005.png','Bao gồm các sản phẩm xung quanh sức khỏe'),(57,'Thiết bị điện tử','image-1653247598414.png','Bao gồm các sản phẩm xung quanh thiết bị điện tử'),(58,'Thời trang nữ','image-1653247623636.png','Bao gồm các sản phẩm xung quanh thời trang nữ'),(59,'Túi ví nữ','image-1653247649651.png','Bao gồm các sản phẩm xung quanh túi ví nữ');
/*!40000 ALTER TABLE `category` ENABLE KEYS */;
UNLOCK TABLES;

--
-- Table structure for table `coupon`
--

DROP TABLE IF EXISTS `coupon`;
/*!40101 SET @saved_cs_client     = @@character_set_client */;
/*!50503 SET character_set_client = utf8mb4 */;
CREATE TABLE `coupon` (
  `id` int NOT NULL AUTO_INCREMENT,
  `maxCoupon` double NOT NULL,
  `minOrder` double NOT NULL,
  `quantity` int NOT NULL,
  `description` text NOT NULL,
  `dateStart` date NOT NULL,
  `dateEnd` date NOT NULL,
  PRIMARY KEY (`id`)
) ENGINE=InnoDB AUTO_INCREMENT=2 DEFAULT CHARSET=utf8mb4 COLLATE=utf8mb4_0900_ai_ci;
/*!40101 SET character_set_client = @saved_cs_client */;

--
-- Dumping data for table `coupon`
--

LOCK TABLES `coupon` WRITE;
/*!40000 ALTER TABLE `coupon` DISABLE KEYS */;
INSERT INTO `coupon` VALUES (1,10000,50000,20,'mo ta','2022-05-22','2022-06-22');
/*!40000 ALTER TABLE `coupon` ENABLE KEYS */;
UNLOCK TABLES;

--
-- Table structure for table `employee`
--

DROP TABLE IF EXISTS `employee`;
/*!40101 SET @saved_cs_client     = @@character_set_client */;
/*!50503 SET character_set_client = utf8mb4 */;
CREATE TABLE `employee` (
  `id` int NOT NULL AUTO_INCREMENT,
  `fullname` text NOT NULL,
  `sex` varchar(20) NOT NULL,
  `email` varchar(150) NOT NULL,
  `phone` varchar(150) NOT NULL,
  `address` text NOT NULL,
  `username` varchar(200) NOT NULL,
  `passwordEn` varchar(200) NOT NULL,
  `statusLock` int NOT NULL,
  `dateOfBirth` date NOT NULL,
  `idRole` int NOT NULL,
  `createDate` datetime DEFAULT CURRENT_TIMESTAMP,
  PRIMARY KEY (`id`),
  UNIQUE KEY `username` (`username`),
  KEY `idRole` (`idRole`),
  CONSTRAINT `employee_ibfk_1` FOREIGN KEY (`idRole`) REFERENCES `role` (`id`)
) ENGINE=InnoDB AUTO_INCREMENT=4 DEFAULT CHARSET=utf8mb4 COLLATE=utf8mb4_0900_ai_ci;
/*!40101 SET character_set_client = @saved_cs_client */;

--
-- Dumping data for table `employee`
--

LOCK TABLES `employee` WRITE;
/*!40000 ALTER TABLE `employee` DISABLE KEYS */;
INSERT INTO `employee` VALUES (1,'Vũ Xuân Quý','Nam','xuanquyadmin@gmail.com','08586038888','Tây Sơn Kiến Xương Thái Bình','vuxuanquy','$argon2i$v=19$m=4096,t=3,p=1$WIXCg3Wo1zaPDUgh0MdO4A$IhiJDkzaCYBODZ9R5tGMFEAdDNXMLfQHyDaktcLUD3w',0,'1999-03-23',1,'2022-04-26 16:03:36'),(2,'Đặng Thị Hải Nhật','Nữ','hainhaiadmin@gmail.com','9876543210','Tây Sơn Kiến Xương Thái Bình','hainhat','$argon2i$v=19$m=4096,t=3,p=1$/ziRabvXKFdFgt0jHF3IGg$yoiLgiAVt2jM0wj0FcXEA9YdlcMInpIBmesUoK79a6E',0,'1999-02-27',1,'2022-04-26 16:04:46');
/*!40000 ALTER TABLE `employee` ENABLE KEYS */;
UNLOCK TABLES;

--
-- Table structure for table `feedback`
--

DROP TABLE IF EXISTS `feedback`;
/*!40101 SET @saved_cs_client     = @@character_set_client */;
/*!50503 SET character_set_client = utf8mb4 */;
CREATE TABLE `feedback` (
  `id` int NOT NULL AUTO_INCREMENT,
  `description` text NOT NULL,
  `nameImage` varchar(200) NOT NULL,
  `createDate` datetime DEFAULT CURRENT_TIMESTAMP,
  PRIMARY KEY (`id`)
) ENGINE=InnoDB DEFAULT CHARSET=utf8mb4 COLLATE=utf8mb4_0900_ai_ci;
/*!40101 SET character_set_client = @saved_cs_client */;

--
-- Dumping data for table `feedback`
--

LOCK TABLES `feedback` WRITE;
/*!40000 ALTER TABLE `feedback` DISABLE KEYS */;
/*!40000 ALTER TABLE `feedback` ENABLE KEYS */;
UNLOCK TABLES;

--
-- Table structure for table `imagetable`
--

DROP TABLE IF EXISTS `imagetable`;
/*!40101 SET @saved_cs_client     = @@character_set_client */;
/*!50503 SET character_set_client = utf8mb4 */;
CREATE TABLE `imagetable` (
  `id` int NOT NULL AUTO_INCREMENT,
  `nameImage` text NOT NULL,
  PRIMARY KEY (`id`)
) ENGINE=InnoDB AUTO_INCREMENT=5 DEFAULT CHARSET=utf8mb4 COLLATE=utf8mb4_0900_ai_ci;
/*!40101 SET character_set_client = @saved_cs_client */;

--
-- Dumping data for table `imagetable`
--

LOCK TABLES `imagetable` WRITE;
/*!40000 ALTER TABLE `imagetable` DISABLE KEYS */;
INSERT INTO `imagetable` VALUES (1,'image-1651947644341.jpeg'),(2,'image-1651947644341.jpeg'),(3,'image-1651592043709.jpeg'),(4,'image-1651591974864.jpeg');
/*!40000 ALTER TABLE `imagetable` ENABLE KEYS */;
UNLOCK TABLES;

--
-- Table structure for table `manufacturer`
--

DROP TABLE IF EXISTS `manufacturer`;
/*!40101 SET @saved_cs_client     = @@character_set_client */;
/*!50503 SET character_set_client = utf8mb4 */;
CREATE TABLE `manufacturer` (
  `id` int NOT NULL AUTO_INCREMENT,
  `nameManufacturer` varchar(200) NOT NULL,
  `phone` varchar(50) NOT NULL,
  `address` text NOT NULL,
  `mail` varchar(100) NOT NULL,
  `nameImage` varchar(100) NOT NULL,
  PRIMARY KEY (`id`),
  UNIQUE KEY `nameManufacturer` (`nameManufacturer`),
  UNIQUE KEY `phone` (`phone`),
  UNIQUE KEY `mail` (`mail`)
) ENGINE=InnoDB AUTO_INCREMENT=13 DEFAULT CHARSET=utf8mb4 COLLATE=utf8mb4_0900_ai_ci;
/*!40101 SET character_set_client = @saved_cs_client */;

--
-- Dumping data for table `manufacturer`
--

LOCK TABLES `manufacturer` WRITE;
/*!40000 ALTER TABLE `manufacturer` DISABLE KEYS */;
INSERT INTO `manufacturer` VALUES (1,'Sony','0868603825','America','Sony@gmail.com','image-1652520600435.jpeg'),(2,'Xiaomi','0984646516','Việt nam','xiaomi@gmail.com','image-1652522550611.jpeg'),(8,'SamSung','0898946451','Lạng sơn','samsung@gmail.com','default.png'),(9,'TopK','0337083765','hai phong','huy78340@st.vimaru.edu.vn','default.png'),(10,'Ichihome','1292552807','Hải Phòng','huylehuyle51@gmail.com','default.png');
/*!40000 ALTER TABLE `manufacturer` ENABLE KEYS */;
UNLOCK TABLES;

--
-- Table structure for table `news`
--

DROP TABLE IF EXISTS `news`;
/*!40101 SET @saved_cs_client     = @@character_set_client */;
/*!50503 SET character_set_client = utf8mb4 */;
CREATE TABLE `news` (
  `id` int NOT NULL AUTO_INCREMENT,
  `nameNews` text NOT NULL,
  `brief` text NOT NULL,
  `content` text NOT NULL,
  `nameImage` varchar(150) NOT NULL,
  `author` varchar(150) NOT NULL,
  `createDate` datetime DEFAULT CURRENT_TIMESTAMP,
  `state` int NOT NULL,
  PRIMARY KEY (`id`)
) ENGINE=InnoDB AUTO_INCREMENT=3 DEFAULT CHARSET=utf8mb4 COLLATE=utf8mb4_0900_ai_ci;
/*!40101 SET character_set_client = @saved_cs_client */;

--
-- Dumping data for table `news`
--

LOCK TABLES `news` WRITE;
/*!40000 ALTER TABLE `news` DISABLE KEYS */;
INSERT INTO `news` VALUES (2,'Tin khuyến mãi đặc biệt','Giảm giá đặc biệt','Giảm 50% các mặt hàng','undefined','Minh Thư','2022-05-05 21:12:12',0);
/*!40000 ALTER TABLE `news` ENABLE KEYS */;
UNLOCK TABLES;

--
-- Table structure for table `origin`
--

DROP TABLE IF EXISTS `origin`;
/*!40101 SET @saved_cs_client     = @@character_set_client */;
/*!50503 SET character_set_client = utf8mb4 */;
CREATE TABLE `origin` (
  `id` int NOT NULL AUTO_INCREMENT,
  `nameOrigin` varchar(200) NOT NULL,
  `description` text NOT NULL,
  PRIMARY KEY (`id`),
  UNIQUE KEY `nameOrigin` (`nameOrigin`)
) ENGINE=InnoDB AUTO_INCREMENT=3 DEFAULT CHARSET=utf8mb4 COLLATE=utf8mb4_0900_ai_ci;
/*!40101 SET character_set_client = @saved_cs_client */;

--
-- Dumping data for table `origin`
--

LOCK TABLES `origin` WRITE;
/*!40000 ALTER TABLE `origin` DISABLE KEYS */;
INSERT INTO `origin` VALUES (1,'Việt Nam','Việt nam'),(2,'Trung Quốc','Trung Quốc');
/*!40000 ALTER TABLE `origin` ENABLE KEYS */;
UNLOCK TABLES;

--
-- Table structure for table `product`
--

DROP TABLE IF EXISTS `product`;
/*!40101 SET @saved_cs_client     = @@character_set_client */;
/*!50503 SET character_set_client = utf8mb4 */;
CREATE TABLE `product` (
  `id` int NOT NULL AUTO_INCREMENT,
  `nameProduct` varchar(200) NOT NULL,
  `description` text NOT NULL,
  `warranty` int NOT NULL,
  `quantity` int NOT NULL,
  `price` double NOT NULL,
  `promotional` double NOT NULL,
  `status` text NOT NULL,
  `image` varchar(150) NOT NULL,
  `idCategory` int NOT NULL,
  `idUnit` int NOT NULL,
  `idManufacturer` int NOT NULL,
  `idOrigin` int NOT NULL,
  PRIMARY KEY (`id`),
  UNIQUE KEY `nameProduct` (`nameProduct`),
  KEY `idCategory` (`idCategory`),
  KEY `idUnit` (`idUnit`),
  KEY `idManufacturer` (`idManufacturer`),
  KEY `idOrigin` (`idOrigin`),
  CONSTRAINT `product_ibfk_1` FOREIGN KEY (`idCategory`) REFERENCES `category` (`id`),
  CONSTRAINT `product_ibfk_2` FOREIGN KEY (`idUnit`) REFERENCES `unit` (`id`),
  CONSTRAINT `product_ibfk_3` FOREIGN KEY (`idManufacturer`) REFERENCES `manufacturer` (`id`),
  CONSTRAINT `product_ibfk_4` FOREIGN KEY (`idOrigin`) REFERENCES `origin` (`id`)
) ENGINE=InnoDB AUTO_INCREMENT=52 DEFAULT CHARSET=utf8mb4 COLLATE=utf8mb4_0900_ai_ci;
/*!40101 SET character_set_client = @saved_cs_client */;

--
-- Dumping data for table `product`
--

LOCK TABLES `product` WRITE;
/*!40000 ALTER TABLE `product` DISABLE KEYS */;
INSERT INTO `product` VALUES (7,'Máy sấy tóc','<p><span style=\"color: rgba(0, 0, 0, 0.8);\">Đầm maxi dài hở lưng đi biển, maxi trắng cổ vuông tay phồng sexy thời trang nữ Minh Phúc</span></p><p><span style=\"color: rgba(0, 0, 0, 0.8);\">✔️Chất liệu: Xốp chỉ, may 2 lớp có sẵn mút ngực</span></p><p><span style=\"color: rgba(0, 0, 0, 0.8);\">✔️Màu sắc: Trắng, Vàng</span></p><p><span style=\"color: rgba(0, 0, 0, 0.8);\">✔️ Size: Free size dưới 55kg(tùy chiều cao nhé)</span></p><p><span style=\"color: rgba(0, 0, 0, 0.8);\">✔️ V1: dưới 90cm </span></p><p><span style=\"color: rgba(0, 0, 0, 0.8);\">✔️ V2: dưới 72cm</span></p><p><span style=\"color: rgba(0, 0, 0, 0.8);\">✔ 1m50 – 1m55 từ 40 – 45kg vừa </span></p><p><span style=\"color: rgba(0, 0, 0, 0.8);\">✔️ 1m55 – 1m6 từ 46 – 50kg vừa </span></p><p><span style=\"color: rgba(0, 0, 0, 0.8);\">✔️ Trên 1m6 từ 51 – 55kg vừa </span></p><p><span style=\"color: rgba(0, 0, 0, 0.8);\">---------------------------</span></p><p><span style=\"color: rgba(0, 0, 0, 0.8);\">SHOP CAM KẾT</span></p><p><span style=\"color: rgba(0, 0, 0, 0.8);\">✅ Đầm maxi dài hở lưng đi biển đã được khắc phục phần mút ngực và được may 2 lớp nên KH hoàn toàn yên tâm</span></p><p><span style=\"color: rgba(0, 0, 0, 0.8);\">✅ Màu sắc vải/ sản phẩm đầm có thể sẽ chênh lệch thực tế một phần nhỏ, do ảnh hưởng về độ lệch màu của ánh sáng nhưng vẫn đảm bảo chất lượng.</span></p><p><span style=\"color: rgba(0, 0, 0, 0.8);\">✅ CAM KẾT 100% sản phẩm do Minh Phúc sản xuất trực tiếp có giá tốt nhất thị trường </span></p><p><span style=\"color: rgba(0, 0, 0, 0.8);\">✅ CAM KẾT 100% đổi sản phẩm nếu khách hàng không ưng mẫu đã đặt HOẶC sản phẩm bị lỗi, hỏng do bât cứ lý do gi trước khi đến tay khách hàng ( kể cả lỗi do đơn vị vận chuyển)</span></p><p><span style=\"color: rgba(0, 0, 0, 0.8);\">✅ Sản phẩm đổi phải chưa qua sử dụng.</span></p><p><br></p><p><span style=\"color: rgba(0, 0, 0, 0.8);\">LƯU Ý QUAN TRỌNG: Quý khách hàng hãy quay video khi bóc hàng để làm căn cứ giải quyết khiếu nại nếu hàng bị thiếu, hỏng đặc biệt với các gói hàng bị rách, móp méo.</span></p><p><br></p><p><span style=\"color: rgba(0, 0, 0, 0.8);\">QUYỀN LỢI KHÁCH HÀNG</span></p><p><span style=\"color: rgba(0, 0, 0, 0.8);\">✅ Nếu có bất kì khiếu nại cần Shop hỗ trợ về sản phẩm vui lòng inbox trực tiếp để shop xử lý cho mình luôn.</span></p><p><span style=\"color: rgba(0, 0, 0, 0.8);\">✅ Đội ngũ CSKH nhà MINH PHÚC luôn tư vấn tận TÂM, chi tiết, hỗ trợ nhiệt tình nhất với khách hàng.</span></p><p><span style=\"color: rgba(0, 0, 0, 0.8);\">✅ Khách yêu nhận được sản phẩm, vui lòng đánh giá 5* giúp Shop để nhận QUÀ bí mật từ MINH PHÚC nhé!</span></p><p><br></p><p><span style=\"color: rgba(0, 0, 0, 0.8);\">GIAO HÀNG</span></p><p><span style=\"color: rgba(0, 0, 0, 0.8);\">- Đầm maxi dài hở lưng đi biển được đảm bảo chất lượng, dịch vụ tốt nhất, hàng được giao từ 1-3 ngày kể từ ngày đặt hàng</span></p><p><span style=\"color: rgba(0, 0, 0, 0.8);\">- Đầm maxi dài hở lưng đi biển giao hàng trên toàn quốc – ship COD</span></p><p><br></p><p><span style=\"color: rgba(0, 0, 0, 0.8);\">Tên và địa chỉ của tổ chức, cá nhân chịu trách nhiệm về hàng hóa : XƯỞNG MAY MINH PHÚC</span></p><p><span style=\"color: rgba(0, 0, 0, 0.8);\">Xuất xứ hàng hóa: Việt Nam</span></p><p><span style=\"color: rgba(0, 0, 0, 0.8);\">Địa chỉ: Đông Hưng Thuận 31, Phường Tân Hưng Thuận, Quận 12, TPHCM</span></p>',12,300,20000000,10,'Hết hàng','hinh-anh-avatar-nam-1-600x600.jpg',2,2,8,1),(8,'Bàn chải điện','<p><span style=\"color: rgba(0, 0, 0, 0.8);\">Đầm maxi dài hở lưng đi biển, maxi trắng cổ vuông tay phồng sexy thời trang nữ Minh Phúc</span></p><p><span style=\"color: rgba(0, 0, 0, 0.8);\">✔️Chất liệu: Xốp chỉ, may 2 lớp có sẵn mút ngực</span></p><p><span style=\"color: rgba(0, 0, 0, 0.8);\">✔️Màu sắc: Trắng, Vàng</span></p><p><span style=\"color: rgba(0, 0, 0, 0.8);\">✔️ Size: Free size dưới 55kg(tùy chiều cao nhé)</span></p><p><span style=\"color: rgba(0, 0, 0, 0.8);\">✔️ V1: dưới 90cm </span></p><p><span style=\"color: rgba(0, 0, 0, 0.8);\">✔️ V2: dưới 72cm</span></p><p><span style=\"color: rgba(0, 0, 0, 0.8);\">✔ 1m50 – 1m55 từ 40 – 45kg vừa </span></p><p><span style=\"color: rgba(0, 0, 0, 0.8);\">✔️ 1m55 – 1m6 từ 46 – 50kg vừa </span></p><p><span style=\"color: rgba(0, 0, 0, 0.8);\">✔️ Trên 1m6 từ 51 – 55kg vừa </span></p><p><span style=\"color: rgba(0, 0, 0, 0.8);\">---------------------------</span></p><p><span style=\"color: rgba(0, 0, 0, 0.8);\">SHOP CAM KẾT</span></p><p><span style=\"color: rgba(0, 0, 0, 0.8);\">✅ Đầm maxi dài hở lưng đi biển đã được khắc phục phần mút ngực và được may 2 lớp nên KH hoàn toàn yên tâm</span></p><p><span style=\"color: rgba(0, 0, 0, 0.8);\">✅ Màu sắc vải/ sản phẩm đầm có thể sẽ chênh lệch thực tế một phần nhỏ, do ảnh hưởng về độ lệch màu của ánh sáng nhưng vẫn đảm bảo chất lượng.</span></p><p><span style=\"color: rgba(0, 0, 0, 0.8);\">✅ CAM KẾT 100% sản phẩm do Minh Phúc sản xuất trực tiếp có giá tốt nhất thị trường </span></p><p><span style=\"color: rgba(0, 0, 0, 0.8);\">✅ CAM KẾT 100% đổi sản phẩm nếu khách hàng không ưng mẫu đã đặt HOẶC sản phẩm bị lỗi, hỏng do bât cứ lý do gi trước khi đến tay khách hàng ( kể cả lỗi do đơn vị vận chuyển)</span></p><p><span style=\"color: rgba(0, 0, 0, 0.8);\">✅ Sản phẩm đổi phải chưa qua sử dụng.</span></p><p><br></p><p><span style=\"color: rgba(0, 0, 0, 0.8);\">LƯU Ý QUAN TRỌNG: Quý khách hàng hãy quay video khi bóc hàng để làm căn cứ giải quyết khiếu nại nếu hàng bị thiếu, hỏng đặc biệt với các gói hàng bị rách, móp méo.</span></p><p><br></p><p><span style=\"color: rgba(0, 0, 0, 0.8);\">QUYỀN LỢI KHÁCH HÀNG</span></p><p><span style=\"color: rgba(0, 0, 0, 0.8);\">✅ Nếu có bất kì khiếu nại cần Shop hỗ trợ về sản phẩm vui lòng inbox trực tiếp để shop xử lý cho mình luôn.</span></p><p><span style=\"color: rgba(0, 0, 0, 0.8);\">✅ Đội ngũ CSKH nhà MINH PHÚC luôn tư vấn tận TÂM, chi tiết, hỗ trợ nhiệt tình nhất với khách hàng.</span></p><p><span style=\"color: rgba(0, 0, 0, 0.8);\">✅ Khách yêu nhận được sản phẩm, vui lòng đánh giá 5* giúp Shop để nhận QUÀ bí mật từ MINH PHÚC nhé!</span></p><p><br></p><p><span style=\"color: rgba(0, 0, 0, 0.8);\">GIAO HÀNG</span></p><p><span style=\"color: rgba(0, 0, 0, 0.8);\">- Đầm maxi dài hở lưng đi biển được đảm bảo chất lượng, dịch vụ tốt nhất, hàng được giao từ 1-3 ngày kể từ ngày đặt hàng</span></p><p><span style=\"color: rgba(0, 0, 0, 0.8);\">- Đầm maxi dài hở lưng đi biển giao hàng trên toàn quốc – ship COD</span></p><p><br></p><p><span style=\"color: rgba(0, 0, 0, 0.8);\">Tên và địa chỉ của tổ chức, cá nhân chịu trách nhiệm về hàng hóa : XƯỞNG MAY MINH PHÚC</span></p><p><span style=\"color: rgba(0, 0, 0, 0.8);\">Xuất xứ hàng hóa: Việt Nam</span></p><p><span style=\"color: rgba(0, 0, 0, 0.8);\">Địa chỉ: Đông Hưng Thuận 31, Phường Tân Hưng Thuận, Quận 12, TPHCM</span></p>',6,50,2000000,20000,'Còn hàng','Screenshot 2022-05-19 143843.png',5,2,1,2),(12,'TOPK Cốc Sạc Nhanh QC3.0 ','<p>Chào mừng bạn đến với Shopee Mall - Cửa hàng hàng đầu chính thức của TOPK</p><p>Mặt hàng này là KHO SN SÀNG. Nó CÓ SN và chào mừng bạn đến đặt hàng.</p><p>❤Gửi đi trong vòng 24 GIỜ trung bình vào CÁC NGÀY LÀM VIỆC!</p><p>Nếu bạn có bất kỳ câu hỏi nào, hoặc đáp ứng bất kỳ vấn đề nào về sản phẩm,</p><p>✅Vui lòng LIÊN HỆ VỚI CHÚNG TÔI. Chúng tôi sẽ chân thành giúp bạn về các vấn đề.</p><p>❌Một đánh giá tiêu cực sẽ KHÔNG giúp giải quyết các vấn đề.</p><p>Đánh giá cao cho đánh giá 5 sao của bạn. Chúng tôi sẽ tiếp tục cải thiện sản phẩm của mình và cung cấp dịch vụ tốt hơn cho bạn.</p><p><br></p><p>Về mặt hàng này</p><p>☀Sạc đa cổng: Nhiều cổng USB để lựa chọn, Chọn theo tình hình thực tế của bạn. Bảo vệ IC thông minh tích hợp tự động phát hiện tất cả các thiết bị được kết nối và đảm bảo hiệu suất sạc tối ưu.</p><p>☀Sạc nhanh: Hỗ trợ sạc nhanh QC 3.0. Cổng QC 3.0 18W cung cấp khả năng sạc nhanh hơn gấp 4 lần so với sạc thông thường. Nó cũng tương thích ngược với điện thoại QC2.0 / 1.0. Ngay cả khi điện thoại của bạn không hỗ trợ sạc nhanh QC3.0, chúng tôi cung cấp cho bạn đầu ra tối đa là 2.4A.</p><p>☀Sạc AN TOÀN - Bộ sạc tường USB đảm bảo công suất đầu ra ổn định hơn. Bộ sạc được làm bằng vỏ ABS chắc chắn và có khả năng bảo vệ sạc quá mức, quá nhiệt và ngắn mạch. Nó đã được chứng nhận CE và FCC và đảm bảo sạc an toàn.</p><p>☀【TƯƠNG Thích RỘNG RÃI】 Nó tương thích với các ổ cắm EU / UK và phù hợp với nhiều thiết bị có cổng USB, chẳng hạn như máy tính bảng, điện thoại, bàn làm việc, điện thoại di động, điện thoại thông minh, máy ảnh, tai nghe Bluetooth, pin dự phòng di động và hơn thế nữa.</p><p>☀Nhỏ GỌN &amp; CÓ THỂ CỔNG: Bộ sạc USB này rất nhỏ, bạn có thể mang nó đi bất cứ đâu và nó hoàn toàn phù hợp trong túi hoặc ba lô của bạn. Ngoài ra, nó hỗ trợ đầu vào 100-240V, lý tưởng để đi du lịch nước ngoài, tại văn phòng và ở nhà.</p><p><br></p><p>Vận chuyển:</p><p>☀ Đối với việc chuẩn bị của người bán: trong vòng 24 giờ;</p><p>☀ Đối với giao hàng: trong vòng 5-15 ngày trung bình;</p><p><br></p><p>Cảm ơn bạn đã đặt hàng. Chúng tôi sẽ kiểm tra các sản phẩm để đảm bảo chúng ở trong tình trạng tốt và hoạt động hoàn hảo trước khi giao hàng. Hy vọng bạn sẽ nhận được bưu kiện sớm.</p><p><img src=\"https://cf.shopee.vn/file/46f918b64e3bbdfa6f7ac85cb15bd322\"></p><p><img src=\"https://cf.shopee.vn/file/e6e1f965d13df7989fd2d111521ac86f\"></p><p><img src=\"https://cf.shopee.vn/file/a24cc55b593e81467e8976fc40b600aa\"></p><p><img src=\"https://cf.shopee.vn/file/4c087783780ff7642c3906e2af8ba446\"></p><p><img src=\"https://cf.shopee.vn/file/3ed6203082ba8e1de0688ba9ad47729c\"></p><p><img src=\"https://cf.shopee.vn/file/183c524bc4d18adfdf7381c97384440c\"></p><p><img src=\"https://cf.shopee.vn/file/5835dec22c531486c1d9bb1f5c287ce5\"></p><p><img src=\"https://cf.shopee.vn/file/8f92687f0f425e98415f2a55f6f6d3e1\"></p><p><img src=\"https://cf.shopee.vn/file/4ad190f21f597fb6b4edcce61c679b82\"></p><p><img src=\"https://cf.shopee.vn/file/44a441ef1bffc9f1057c6cd305123308\"></p><p><img src=\"https://cf.shopee.vn/file/d5386032c57fa87f4b64d4a46919e8fb\"></p><p><img src=\"https://cf.shopee.vn/file/47f954a3040ead11513a53bab446659c\"></p>',6,111,345000,10,'Còn hàng','sac.jpg',57,1,9,2),(13,'Củ Sạc 65W TOPK B314P GaN PD','<p><span style=\"color: rgba(0, 0, 0, 0.8);\">Thời gian giao hàng dự kiến cho sản phẩm này là từ 7-9 ngày</span></p><p><br></p><p><span style=\"color: rgba(0, 0, 0, 0.8);\">Ghé thăm cửa hàng nội địa Malaysia của chúng tôi !!! Giá rẻ hàng ngày và giao hàng nhanh !!!</span></p><p><span style=\"color: rgba(0, 0, 0, 0.8);\"> Tìm kiếm \" topkofficial.os \", \" cửa hàng nội địa chính thức topk \" hoặc nhập liên kết</span></p><p><span style=\"color: rgba(0, 0, 0, 0.8);\"> https://shopee.com.my/shop/201839660</span></p><p><span style=\"color: rgba(0, 0, 0, 0.8);\"> </span></p><p><span style=\"color: rgba(0, 0, 0, 0.8);\"> Chào mừng bạn đến với Shopee Mall - Cửa hàng chính thức hàng đầu TOPK</span></p><p><span style=\"color: rgba(0, 0, 0, 0.8);\"> Sản phẩm có sẵn.Hoan nghênh bạn đặt hàng.</span></p><p><span style=\"color: rgba(0, 0, 0, 0.8);\"> Nếu bạn có bất kỳ câu hỏi nào hoặc gặp bất kỳ vấn đề nào về sản phẩm,</span></p><p><span style=\"color: rgba(0, 0, 0, 0.8);\"> ✅Hãy LIÊN HỆ VỚI CHÚNG TÔI. Chúng tôi sẽ chân thành giúp bạn với các vấn đề.</span></p><p><span style=\"color: rgba(0, 0, 0, 0.8);\"> ❌ Một đánh giá tiêu cực sẽ KHÔNG giúp giải quyết các vấn đề.</span></p><p><span style=\"color: rgba(0, 0, 0, 0.8);\"> Chúng tôi trân trọng đánh giá 5 sao của bạn. Chúng tôi sẽ tiếp tục cải thiện sản phẩm của mình và mang lại dịch vụ tốt hơn cho bạn.</span></p><p><span style=\"color: rgba(0, 0, 0, 0.8);\"> </span></p><p><span style=\"color: rgba(0, 0, 0, 0.8);\">Chi tiết sản phẩm: </span></p><p><span style=\"color: rgba(0, 0, 0, 0.8);\"> ☀ Tên sản phẩm: Bộ sạc nhanh với 3 cổng B314P Mini 65W PD3.0 QC 3.0 </span></p><p><span style=\"color: rgba(0, 0, 0, 0.8);\"> ☀ Màu sắc: Đen / Trắng</span></p><p><span style=\"color: rgba(0, 0, 0, 0.8);\"> ☀ Sạc nhanh: CÓ</span></p><p><span style=\"color: rgba(0, 0, 0, 0.8);\"> ☀ Đầu vào: 100-240V ~ 50 / 60Hz 1.8A (Tối đa)</span></p><p><span style=\"color: rgba(0, 0, 0, 0.8);\"> ☀ Công suất: 65w</span></p><p><span style=\"color: rgba(0, 0, 0, 0.8);\"> ☀ Loại phích cắm: Phích cắm của UK</span></p><p><span style=\"color: rgba(0, 0, 0, 0.8);\"> ☀ Chất liệu: Chất liệu chống cháy ABS</span></p><p><span style=\"color: rgba(0, 0, 0, 0.8);\"> ☀ Chứng nhận: RoHS, FCC, CE</span></p><p><span style=\"color: rgba(0, 0, 0, 0.8);\"> </span></p><p><span style=\"color: rgba(0, 0, 0, 0.8);\"> 【Sạc nhanh 65W】 Cốc sạc USB 65 watt điện để đưa MacBook Pro 15.4 ”của bạn từ 0 lên 100% chỉ trong 2 giờ khi chỉ có một thiết bị được kết nối với cổng USB-C</span></p><p><span style=\"color: rgba(0, 0, 0, 0.8);\"> 【Phân bổ điện năng thông minh】 Phân bổ công suất 65W một cách thông minh khi sạc 3 thiết bị đồng thời, đảm bảo tất cả các thiết bị được kết nối của bạn đều được sạc tốc độ cao</span></p><p><span style=\"color: rgba(0, 0, 0, 0.8);\"> 【Kích thước nhỏ gọn &amp; Hiệu suất vượt trội】 Công nghệ tiên tiến làm cho cốc sạc USB này nhỏ hơn và tối đa hóa hiệu quả sạc mà không tạo ra nhiệt thừa</span></p><p><span style=\"color: rgba(0, 0, 0, 0.8);\"> 【Khả năng tương thích vượt trội】 Cốc sạc USB dành cho máy tính để bàn mang lại mức sạc nhanh nhất có thể cho hầu hết các thiết bị hỗ trợ USB-C và USB-A, từ iPhone đến Samsung đến máy tính xách tay USB-C, một cho tất cả và giúp việc sạc trở nên đơn giản. Bộ sạc tương thích 100% giúp chuyến đi công tác hoặc kỳ nghỉ của bạn trở nên thuận tiện và không gặp rắc rối</span></p><p><span style=\"color: rgba(0, 0, 0, 0.8);\"> 【Sạc an toàn】 Tất cả các cổng đều có tính năng bảo vệ sạc hoàn chỉnh cùng với công nghệ sạc mới nhất của TOPK. Với con chip thông minh bên trong, bộ sạc USB tự động khớp với dòng điện theo nhu cầu của thiết bị của bạn. Bảo vệ chống quá dòng, quá áp và ngắn mạch giúp bảo vệ thiết bị của bạn khỏi bị hư hỏng một cách hiệu quả và đảm bảo việc sạc qua đêm an toàn hơn.</span></p><p><span style=\"color: rgba(0, 0, 0, 0.8);\"> 【Dịch vụ chuyên nghiệp】 TOPK là nhà sản xuất R&amp;D về sản phẩm sạc, với 10 năm kinh nghiệm. Sản phẩm chất lượng cao và dịch vụ hoàn hảo là lợi thế lớn nhất của chúng tôi, vì vậy chúng tôi tự tin cung cấp cho bạn dịch vụ khách hàng tuyệt vời trong 24 giờ.</span></p><p><span style=\"color: rgba(0, 0, 0, 0.8);\"> </span></p><p><span style=\"color: rgba(0, 0, 0, 0.8);\"> Gói hàng bao gồm: </span></p><p><span style=\"color: rgba(0, 0, 0, 0.8);\"> ☀ 1 * Bộ sạc nhanh với 3 cổng B314P Mini 65W PD3.0 QC 3.0</span></p><p><span style=\"color: rgba(0, 0, 0, 0.8);\"> </span></p><p><span style=\"color: rgba(0, 0, 0, 0.8);\"> </span></p><p><span style=\"color: rgba(0, 0, 0, 0.8);\"> Cảm ơn bạn đã đặt hàng của bạn. Chúng tôi sẽ kiểm tra các sản phẩm để đảm bảo rằng chúng ở trong tình trạng tốt và hoạt động hoàn hảo trước khi giao hàng. Mong bạn sớm nhận được gói hàng.</span></p>',6,1000,599000,10,'Còn hàng','Củ Sạc 65W TOPK B314P GaN PD.jpg',57,1,9,2),(14,'Củ Sạc TOPK B25 10W 5V 2A ','<p><span style=\"color: rgba(0, 0, 0, 0.8);\">Thời gian giao hàng dự kiến cho sản phẩm này là từ 7-9 ngày</span></p><p><span style=\"color: rgba(0, 0, 0, 0.8);\"> </span></p><p><span style=\"color: rgba(0, 0, 0, 0.8);\"> Chào mừng bạn đến với Shopee Mall - Cửa hành chính hãng TOPK</span></p><p><span style=\"color: rgba(0, 0, 0, 0.8);\"> Sản phẩm này là CÓ SẴN TRONG KHO. Đây là HÀNG CÓ SẴN và hoan nghênh bạn đến đặt hàng.</span></p><p><span style=\"color: rgba(0, 0, 0, 0.8);\"> Nếu bạn có bất kỳ câu hỏi nào hoặc gặp bất kỳ vấn đề nào về sản phẩm,</span></p><p><span style=\"color: rgba(0, 0, 0, 0.8);\"> ✅Hãy LIÊN HỆ VỚI CHÚNG TÔI. Chúng tôi sẽ nhiệt tình giúp bạn giải quyết các vấn đề.</span></p><p><span style=\"color: rgba(0, 0, 0, 0.8);\"> ❌ Một đánh giá tiêu cực sẽ KHÔNG giúp giải quyết vấn đề.</span></p><p><span style=\"color: rgba(0, 0, 0, 0.8);\"> Hy vọng nhận được điểm đánh giá 5 sao của bạn. Chúng tôi sẽ tiếp tục cải thiện sản phẩm của mình và cung cấp dịch vụ tốt hơn cho bạn.</span></p><p><span style=\"color: rgba(0, 0, 0, 0.8);\"> </span></p><p><span style=\"color: rgba(0, 0, 0, 0.8);\"> Đặc điểm: </span></p><p><span style=\"color: rgba(0, 0, 0, 0.8);\"> ☀ Tên sản phẩm: Cốc sạc điện thoại 1 cổng QC2.0 1 B25 10W</span></p><p><span style=\"color: rgba(0, 0, 0, 0.8);\"> ☀ Màu sắc: Đen, Trắng</span></p><p><span style=\"color: rgba(0, 0, 0, 0.8);\"> ☀ Sạc nhanh: KHÔNG</span></p><p><span style=\"color: rgba(0, 0, 0, 0.8);\"> ☀ Đầu vào: AC100-240V 50/ 60Hz 0,3A （Tối đa）</span></p><p><span style=\"color: rgba(0, 0, 0, 0.8);\"> ☀ Đầu ra: 5V/ 2A</span></p><p><span style=\"color: rgba(0, 0, 0, 0.8);\"> ☀ Loại phích cắm: Phích cắm EU, US</span></p><p><span style=\"color: rgba(0, 0, 0, 0.8);\"> ☀ Chất liệu: Chất liệu chống cháy ABS</span></p><p><span style=\"color: rgba(0, 0, 0, 0.8);\"> </span></p><p><span style=\"color: rgba(0, 0, 0, 0.8);\"> Khả năng tương thích:</span></p><p><span style=\"color: rgba(0, 0, 0, 0.8);\"> ☀ Thông dụng và phù hợp với tất cả các loại điện thoại</span></p><p><span style=\"color: rgba(0, 0, 0, 0.8);\"> </span></p><p><span style=\"color: rgba(0, 0, 0, 0.8);\"> Gói hàng bao gồm:</span></p><p><span style=\"color: rgba(0, 0, 0, 0.8);\"> ☀ 1 * Cốc sạc điện thoại 1 cổng QC2.0 1 B25 10W </span></p><p><span style=\"color: rgba(0, 0, 0, 0.8);\"> </span></p><p><span style=\"color: rgba(0, 0, 0, 0.8);\"> Cảm ơn bạn đã đặt hàng. Chúng tôi sẽ kiểm tra các sản phẩm để đảm bảo rằng chúng ở trong tình trạng tốt và hoạt động hiệu quả trước khi giao. Mong bạn sớm nhận được hàng.</span></p>',6,999,99000,10,'Còn hàng','Củ Sạc TOPK B25 10W 5V 2A.jpg',57,1,9,2),(15,'Đế sạc không dây TOPK','<p>Thời gian giao hàng dự kiến cho sản phẩm này là từ 7-9 ngày</p><p><br></p><p>Chào mừng bạn đến với Shopee Mall - Cửa hàng hàng đầu chính thức của TOPK</p><p><br></p><p>Mặt hàng này là CÓ SẴN và CÒN HÀNG. chào mừng bạn đến đặt hàng.</p><p><br></p><p>Gửi đi trong thời gian nhanh nhất trung bình vào CÁC NGÀY LÀM VIỆC!</p><p><br></p><p>Nếu bạn có bất kỳ câu hỏi nào, hoặc đáp ứng bất kỳ vấn đề nào về sản phẩm,</p><p><br></p><p>Vui lòng LIÊN HỆ VỚI CHÚNG TÔI. Chúng tôi sẽ chân thành giúp bạn về các vấn đề.</p><p><br></p><p>Một đánh giá tiêu cực sẽ KHÔNG giúp giải quyết các vấn đề.</p><p><br></p><p>Đánh giá cao cho đánh giá 5 sao của bạn. Chúng tôi sẽ tiếp tục cải thiện sản phẩm của mình và cung cấp dịch vụ tốt hơn cho bạn.</p><p><br></p><p>Thông tin chi tiết:</p><p><br></p><p>Tên : Bộ sạc không dây B09W 10W LED Bộ sạc điện thoại không dây nhanh đa năng di động</p><p><br></p><p>Màu sắc: đen</p><p><br></p><p>Công suất: 10W</p><p><br></p><p>Chất liệu: ABS</p><p><br></p><p>Đặc điểm:</p><p><br></p><p>Sạc nhanh bộ sạc không dây</p><p><br></p><p>Tương thích với các công suất đầu ra khác nhau của nhiều thiết bị, 10W, 7,5W, 5W</p><p><br></p><p>Sạc nhanh không dây 10W</p><p><br></p><p>Chỉ khi bộ sạc và cáp sạc hỗ trợ sạc nhanh, công suất đầu ra của bộ sạc không dây có thể sạc nhanh 10W.</p><p><br></p><p>Một bộ sạc với 3 chế độ khác nhau</p><p><br></p><p>Điều chỉnh công suất đầu ra 10W / 7,5W / 5W theo các thiết bị khác nhau</p><p><br></p><p>Sạc nhanh hơn và an toàn hơn</p><p><br></p><p>Chip bảo vệ thông minh, đảm bảo an toàn cho bạn và thiết bị của bạn</p><p><br></p><p>Thiết kế làm mát lỗ thông hơi hiếm</p><p><br></p><p>Mặt sau được thiết kế nhiều lỗ thông gió rỗng, có thể giúp thiết bị tản nhiệt hiệu quả, không dễ tích tụ nhiệt và gây ra nhiệt độ quá cao làm hỏng thiết bị</p><p><br></p><p>Phong cách nhỏ và mỏng</p><p><br></p><p>Nhỏ và di động, bạn có thể dễ dàng bỏ vào túi hoặc ba lô của mình</p><p><br></p><p>Phản hồi nhanh trong 0,1 giây</p><p><br></p><p>Độ nhạy = &lt;6mm, có thể sạc tối đa tốc độ ngay cả khi có vỏ điện thoại</p><p><br></p><p>Gói hàng bao gồm:</p><p><br></p><p>1 * B09W Bộ sạc không dây 10W LED Bộ sạc điện thoại không dây nhanh đa năng di động</p><p><br></p><p>Vận chuyển:</p><p><br></p><p>Đối với việc chuẩn bị của người bán: trong thời gian nhanh nhất</p><p>Đối với giao hàng: trong thời gian nhanh nhất sau khi hoàn tất đơn đặt hàng </p><p><br></p><p>Cảm ơn bạn đã đặt hàng. Chúng tôi sẽ kiểm tra các sản phẩm để đảm bảo chúng ở trong tình trạng tốt và hoạt động hoàn hảo trước khi giao hàng. Hy vọng bạn sẽ nhận được bưu kiện sớm.</p>',6,998,119000,10,'Còn hàng','Đế sạc không dây TOPK.jpg',57,1,9,2),(16,'Sạc dự phòng TOPK I1006P 10000mAh','<p>Thời gian giao hàng dự kiến cho sản phẩm này là từ 7-9 ngày</p><p><br></p><p>Chào mừng bạn đến với Shopee Mall - Cửa hàng hàng đầu chính thức của TOPK</p><p><br></p><p>Mặt hàng này là CÓ SẴN và CÒN HÀNG. chào mừng bạn đến đặt hàng.</p><p><br></p><p>Gửi đi trong thời gian nhanh nhất trung bình vào CÁC NGÀY LÀM VIỆC!</p><p><br></p><p>Nếu bạn có bất kỳ câu hỏi nào, hoặc đáp ứng bất kỳ vấn đề nào về sản phẩm,</p><p><br></p><p>Vui lòng LIÊN HỆ VỚI CHÚNG TÔI. Chúng tôi sẽ chân thành giúp bạn về các vấn đề.</p><p><br></p><p>Một đánh giá tiêu cực sẽ KHÔNG giúp giải quyết các vấn đề.</p><p><br></p><p>Đánh giá cao cho đánh giá 5 sao của bạn. Chúng tôi sẽ tiếp tục cải thiện sản phẩm của mình và cung cấp dịch vụ tốt hơn cho bạn.</p><p><br></p><p>Thông tin chi tiết:</p><p><br></p><p>Tên : Bộ sạc không dây B09W 10W LED Bộ sạc điện thoại không dây nhanh đa năng di động</p><p><br></p><p>Màu sắc: đen</p><p><br></p><p>Công suất: 10W</p><p><br></p><p>Chất liệu: ABS</p><p><br></p><p>Đặc điểm:</p><p><br></p><p>Sạc nhanh bộ sạc không dây</p><p><br></p><p>Tương thích với các công suất đầu ra khác nhau của nhiều thiết bị, 10W, 7,5W, 5W</p><p><br></p><p>Sạc nhanh không dây 10W</p><p><br></p><p>Chỉ khi bộ sạc và cáp sạc hỗ trợ sạc nhanh, công suất đầu ra của bộ sạc không dây có thể sạc nhanh 10W.</p><p><br></p><p>Một bộ sạc với 3 chế độ khác nhau</p><p><br></p><p>Điều chỉnh công suất đầu ra 10W / 7,5W / 5W theo các thiết bị khác nhau</p><p><br></p><p>Sạc nhanh hơn và an toàn hơn</p><p><br></p><p>Chip bảo vệ thông minh, đảm bảo an toàn cho bạn và thiết bị của bạn</p><p><br></p><p>Thiết kế làm mát lỗ thông hơi hiếm</p><p><br></p><p>Mặt sau được thiết kế nhiều lỗ thông gió rỗng, có thể giúp thiết bị tản nhiệt hiệu quả, không dễ tích tụ nhiệt và gây ra nhiệt độ quá cao làm hỏng thiết bị</p><p><br></p><p>Phong cách nhỏ và mỏng</p><p><br></p><p>Nhỏ và di động, bạn có thể dễ dàng bỏ vào túi hoặc ba lô của mình</p><p><br></p><p>Phản hồi nhanh trong 0,1 giây</p><p><br></p><p>Độ nhạy = &lt;6mm, có thể sạc tối đa tốc độ ngay cả khi có vỏ điện thoại</p><p><br></p><p>Gói hàng bao gồm:</p><p><br></p><p>1 * B09W Bộ sạc không dây 10W LED Bộ sạc điện thoại không dây nhanh đa năng di động</p><p><br></p><p>Vận chuyển:</p><p><br></p><p>Đối với việc chuẩn bị của người bán: trong thời gian nhanh nhất</p><p>Đối với giao hàng: trong thời gian nhanh nhất sau khi hoàn tất đơn đặt hàng </p><p><br></p><p>Cảm ơn bạn đã đặt hàng. Chúng tôi sẽ kiểm tra các sản phẩm để đảm bảo chúng ở trong tình trạng tốt và hoạt động hoàn hảo trước khi giao hàng. Hy vọng bạn sẽ nhận được bưu kiện sớm.</p>',6,99,419000,10,'Còn hàng','Sạc dự phòng TOPK I1006P 10000mAh.jpg',57,1,9,2),(17,'Cáp Sạc Nhanh Tích Hợp Giá Đỡ TOPK','<p><span style=\"color: rgba(0, 0, 0, 0.8);\">Thời gian giao hàng dự kiến cho sản phẩm này là từ 7-9 ngày</span></p><p><span style=\"color: rgba(0, 0, 0, 0.8);\"> </span></p><p><span style=\"color: rgba(0, 0, 0, 0.8);\">【Tips：Sản phẩm không hỗ trợ Samsung A50/A51】</span></p><p><span style=\"color: rgba(0, 0, 0, 0.8);\"> Chào mừng bạn đến với Shopee Mall - Cửa hàng chính hãng TOPK </span></p><p><span style=\"color: rgba(0, 0, 0, 0.8);\"> Mặt hàng này có sẵn trong kho, chào mừng bạn đến mua hàng</span></p><p><span style=\"color: rgba(0, 0, 0, 0.8);\"> Nếu bạn có bất kỳ câu hỏi nào hoặc gặp bất kỳ vấn đề nào về sản phẩm, hãy LIÊN HỆ VỚI CHÚNG TÔI. Chúng tôi sẽ giải quyết vấn đề của bạn một cách nhanh chóng</span></p><p><span style=\"color: rgba(0, 0, 0, 0.8);\"> ❌ Đánh giá tiêu cực sẽ KHÔNG giúp giải quyết vấn đề.</span></p><p><span style=\"color: rgba(0, 0, 0, 0.8);\"> Chúng tôi rất vui nếu nhận được đánh giá 5 sao từ bạn. Chúng tôi sẽ tiếp tục cải thiện sản phẩm của mình và cung cấp dịch vụ tốt hơn cho bạn.</span></p><p><span style=\"color: rgba(0, 0, 0, 0.8);\"> </span></p><p><span style=\"color: rgba(0, 0, 0, 0.8);\"> Thông tin chi tiết </span></p><p><span style=\"color: rgba(0, 0, 0, 0.8);\"> ☀ Tên sản phẩm: Dây cáp sạc bện nilon có thể làm giá đỡ điện thoại AN26 </span></p><p><span style=\"color: rgba(0, 0, 0, 0.8);\"> ☀ Màu sắc: Xám đậm, Đỏ</span></p><p><span style=\"color: rgba(0, 0, 0, 0.8);\"> ☀ Chiều dài: 1m</span></p><p><span style=\"color: rgba(0, 0, 0, 0.8);\"> ☀ Mẫu dây cáp: Loại C / Micro / iPhone</span></p><p><span style=\"color: rgba(0, 0, 0, 0.8);\"> ☀ Truyền dữ liệu: CÓ</span></p><p><span style=\"color: rgba(0, 0, 0, 0.8);\"> ☀ Sạc nhanh: CÓ</span></p><p><span style=\"color: rgba(0, 0, 0, 0.8);\"> ☀ Dòng điện: Micro 9V / 2A, Type-C 5V / 3A, iPhone 5V / 2A</span></p><p><span style=\"color: rgba(0, 0, 0, 0.8);\"> ☀ Chất liệu: Nylon</span></p><p><span style=\"color: rgba(0, 0, 0, 0.8);\"> </span></p><p><span style=\"color: rgba(0, 0, 0, 0.8);\"> Đặc điểm </span></p><p><span style=\"color: rgba(0, 0, 0, 0.8);\"> ☀ Đây không chỉ là cáp sạc mà còn có chức năng giá đỡ mang đến sự tiện lợi hơn cho cuộc sống của bạn</span></p><p><span style=\"color: rgba(0, 0, 0, 0.8);\"> ☀ Ngoài cáp sạc thì còn có thể sử dụng làm giá đỡ điện thoại di động</span></p><p><span style=\"color: rgba(0, 0, 0, 0.8);\"> ☀ Cáp sạc điện thoại đa chức năng, được thiết kế đặc biệt dành cho các bạn thích xem phim. Đem đến cho bạn trải nghiệm sạc và sử dụng thoải mái</span></p><p><span style=\"color: rgba(0, 0, 0, 0.8);\"> ☀ Thiết kế xoay có thể điều chỉnh 180 °</span></p><p><span style=\"color: rgba(0, 0, 0, 0.8);\"> ☀ Bạn có thể kết nối ở mọi góc độ để giúp bạn tìm được vị trí thoải mái hơn. Dù sạc, chơi game hay xem phim thì bạn sẽ luôn cảm thấy thoải mái nhất</span></p><p><span style=\"color: rgba(0, 0, 0, 0.8);\"> ☀ Thiết kế độc đáo giúp gia tăng trải nghiệm chơi game</span></p><p><span style=\"color: rgba(0, 0, 0, 0.8);\"> ☀ Thiết kế góc 90 ° giúp nâng cao trải nghiệm chơi game trong khi sạc</span></p><p><span style=\"color: rgba(0, 0, 0, 0.8);\"> ☀ Giữ điện thoại ổn định và sẽ không bị rung</span></p><p><span style=\"color: rgba(0, 0, 0, 0.8);\"> ☀ Sử dụng định lý ổn định tam giác giúp giữ điện thoại ổn định và không bị rung. Tạo góc nhìn thoải mái hơn khi xem phim </span></p><p><span style=\"color: rgba(0, 0, 0, 0.8);\"> ☀ Đèn báo khi bật nguồn</span></p><p><span style=\"color: rgba(0, 0, 0, 0.8);\"> Đèn sẽ sáng lên khi được cắm vào và bạn sẽ biết trạng thái hoạt động trong nháy mắt ..</span></p><p><span style=\"color: rgba(0, 0, 0, 0.8);\"> ☀ 25 giây chuyển dữ liệu 1G</span></p><p><span style=\"color: rgba(0, 0, 0, 0.8);\"> Tốc độ truyền lên đến 480Mbps, vừa sạc nhanh vừa truyền nhanh</span></p><p><span style=\"color: rgba(0, 0, 0, 0.8);\"> ☀ Chất liệu bện nylon mật độ cao</span></p><p><span style=\"color: rgba(0, 0, 0, 0.8);\"> Công nghệ dệt mật độ cao từ dây nilon giúp dây cáp chắc chắn hơn. Không sợ bị kéo hoặc uốn cong</span></p><p><span style=\"color: rgba(0, 0, 0, 0.8);\"> </span></p><p><span style=\"color: rgba(0, 0, 0, 0.8);\"> Gói hàng bao gồm </span></p><p><span style=\"color: rgba(0, 0, 0, 0.8);\"> ☀ 1x Cáp sạc thông thường AN26 bện nylon với chức năng giá đỡ điện thoại;</span></p><p><span style=\"color: rgba(0, 0, 0, 0.8);\"> </span></p><p><span style=\"color: rgba(0, 0, 0, 0.8);\"> Cảm ơn bạn đã đặt hàng. Chúng tôi sẽ kiểm tra các sản phẩm để đảm bảo rằng sản phẩm ở trong tình trạng tốt và hoạt động hoàn hảo trước khi giao hàng. Mong bạn sớm nhận được bưu phẩm.</span></p>',6,911,49000,10,'Còn hàng','Cáp Sạc Nhanh Tích Hợp Giá Đỡ TOPK.jpg',57,1,9,2),(18,'Tai Nghe TOPK F02','<p><span style=\"color: rgba(0, 0, 0, 0.8);\">Thời gian giao hàng dự kiến cho sản phẩm này là từ 7-9 ngày</span></p><p><span style=\"color: rgba(0, 0, 0, 0.8);\"> 【Khách hàng thân mến, vui lòng suy nghĩ kỹ trước khi chọn COD. Nếu bạn không nhận hàng, Shopee và TOPK sẽ ghi lại vào ứng dụng thông tin của bạn. Cảm ơn sự hợp tác và hiểu biết của bạn】</span></p><p><span style=\"color: rgba(0, 0, 0, 0.8);\"> </span></p><p><span style=\"color: rgba(0, 0, 0, 0.8);\">  Chào mừng bạn đến với Shopee Mall - TOPK Official Flagship Store</span></p><p><span style=\"color: rgba(0, 0, 0, 0.8);\">  TOPK đã giành được siêu giải thưởng Thương hiệu có ảnh hưởng nhất năm 2020 tại thị trường Đông Nam Á. TOPK chuyên về các sản phẩm điện tử tiêu dùng, hầu hết các phụ kiện điện thoại.</span></p><p><span style=\"color: rgba(0, 0, 0, 0.8);\">  Mặt hàng này luôn có sẵn và hoan nghênh bạn đặt hàng.</span></p><p><span style=\"color: rgba(0, 0, 0, 0.8);\">  ❤Gửi hàng trong thời gian sớm nhất!</span></p><p><span style=\"color: rgba(0, 0, 0, 0.8);\">  Nếu bạn có bất kỳ câu hỏi nào hoặc gặp bất kỳ vấn đề nào về sản phẩm,</span></p><p><span style=\"color: rgba(0, 0, 0, 0.8);\">  ✅Xin vui lòng liên hệ với chúng tôi. Chúng tôi sẽ chân thành giúp bạn với các vấn đề.</span></p><p><span style=\"color: rgba(0, 0, 0, 0.8);\">  ❌Một đánh giá tiêu cực sẽ KHÔNG giúp giải quyết các vấn đề.</span></p><p><span style=\"color: rgba(0, 0, 0, 0.8);\">  Đánh giá cao đánh giá 5 sao của bạn. Chúng tôi sẽ tiếp tục cải thiện sản phẩm của mình và cung cấp dịch vụ tốt hơn cho bạn.</span></p><p><span style=\"color: rgba(0, 0, 0, 0.8);\">  </span></p><p><span style=\"color: rgba(0, 0, 0, 0.8);\">  Chi tiết sản phẩm:</span></p><p><span style=\"color: rgba(0, 0, 0, 0.8);\">  ♫ Tên sản phẩm: Tai nghe có dây F02</span></p><p><span style=\"color: rgba(0, 0, 0, 0.8);\">  ♫ Màu sắc: Đen</span></p><p><span style=\"color: rgba(0, 0, 0, 0.8);\">  ♫ Chiều dài: 1.1m</span></p><p><span style=\"color: rgba(0, 0, 0, 0.8);\">  ♫ Bluetooth: KHÔNG</span></p><p><span style=\"color: rgba(0, 0, 0, 0.8);\">  ♫ Micro: CÓ</span></p><p><span style=\"color: rgba(0, 0, 0, 0.8);\">  ♫ Giắc audio: 3.5mm</span></p><p><span style=\"color: rgba(0, 0, 0, 0.8);\">  ♫ Chất lượng âm thanh: Tai nghe âm thanh nổi 3D</span></p><p><span style=\"color: rgba(0, 0, 0, 0.8);\">  </span></p><p><span style=\"color: rgba(0, 0, 0, 0.8);\">  ♫ 【HAI TRÌNH ĐIỀU KHIỂN ĐỘNG VÀ SIÊU TRẦM】 Trình điều khiển kép 8MM + 10MM mạnh mẽ tạo âm trầm vượt trội và tăng cường âm thanh tuyệt vời với độ nét cao.</span></p><p><span style=\"color: rgba(0, 0, 0, 0.8);\">  ♫ 【THIẾT KẾ TIỆN DỤNG CHO NGƯỜI DÙNG VÀ VỪA VẶN HOÀN HẢO】 Thiết kế tiện dụng cho người dùng và có 2 kiểu đeo (Có / Không có móc tai) đảm bảo tai nghe luôn ở trong tai bạn một cách an toàn và thoải mái.</span></p><p><span style=\"color: rgba(0, 0, 0, 0.8);\">  ♫ 【NGHE ĐIỆN THOẠI RẢNH TAY VÀ DỄ THAO TÁC 】 Dễ dàng điều khiển tai nghe bằng một nút đa chức năng. Có thể nghe điện thoại rảnh tay và rõ ràng với micro chất lượng cao.</span></p><p><span style=\"color: rgba(0, 0, 0, 0.8);\">  ♫ 【CHỐNG ỒN VÀ KHÔNG RƠI】 Thiết kế nhét trong và nhiều kích cỡ nút bịt tai bằng silicone giảm thiểu tiếng ồn để tai nghe phát ra âm thanh nổi rõ ràng và âm trầm sâu lắng. Móc tai mềm có thể tháo rời đảm bảo tai nghe vừa vặn và chắc chắn trong tai bạn và không bao giờ rơi ra trong quá trình sử dụng.</span></p><p><span style=\"color: rgba(0, 0, 0, 0.8);\">  ♫ 【TƯƠNG THÍCH KHÔNG GIỚI HẠN】 Giắc cắm 3.5mm giúp tai nghe có dây có thể sử dụng với các thiết bị âm thanh khác nhau.</span></p><p><span style=\"color: rgba(0, 0, 0, 0.8);\">  </span></p><p><span style=\"color: rgba(0, 0, 0, 0.8);\">  Khả năng tương thích:</span></p><p><span style=\"color: rgba(0, 0, 0, 0.8);\">  ♫ Phổ biến và phù hợp với tất cả các dòng điện thoại, máy tính bảng hoặc các thiết bị có giắc cắm 3.5mm, không giới hạn ở một thương hiệu nhất định.</span></p><p><span style=\"color: rgba(0, 0, 0, 0.8);\">  </span></p><p><span style=\"color: rgba(0, 0, 0, 0.8);\">  Gói hàng bao gồm:</span></p><p><span style=\"color: rgba(0, 0, 0, 0.8);\">  ♫ 1 * Tai nghe nhét tai có dây F02</span></p><p><span style=\"color: rgba(0, 0, 0, 0.8);\">  </span></p><p><span style=\"color: rgba(0, 0, 0, 0.8);\">  Cảm ơn bạn đã đặt hàng. Chúng tôi sẽ kiểm tra sản phẩm để đảm bảo chất lượng trước khi giao hàng. Mong bạn sẽ sớm nhận được hàng</span></p>',1,911,49000,10,'Còn hàng','Tai Nghe TOPK F02.jpg',57,1,9,2),(19,'Tai Nghe Topk F35','<p><span style=\"color: rgba(0, 0, 0, 0.8);\">Thời gian giao hàng dự kiến cho sản phẩm này là từ 7-9 ngày</span></p><p><span style=\"color: rgba(0, 0, 0, 0.8);\"> 【Khách hàng thân mến, vui lòng suy nghĩ kỹ trước khi chọn COD. Nếu bạn không nhận hàng, Shopee và TOPK sẽ ghi lại vào ứng dụng thông tin của bạn. Cảm ơn sự hợp tác và hiểu biết của bạn】</span></p><p><span style=\"color: rgba(0, 0, 0, 0.8);\"> </span></p><p><span style=\"color: rgba(0, 0, 0, 0.8);\">  Chào mừng bạn đến với Shopee Mall - TOPK Official Flagship Store</span></p><p><span style=\"color: rgba(0, 0, 0, 0.8);\">  TOPK đã giành được siêu giải thưởng Thương hiệu có ảnh hưởng nhất năm 2020 tại thị trường Đông Nam Á. TOPK chuyên về các sản phẩm điện tử tiêu dùng, hầu hết các phụ kiện điện thoại.</span></p><p><span style=\"color: rgba(0, 0, 0, 0.8);\">  Mặt hàng này luôn có sẵn và hoan nghênh bạn đặt hàng.</span></p><p><span style=\"color: rgba(0, 0, 0, 0.8);\">  ❤Gửi hàng trong thời gian sớm nhất!</span></p><p><span style=\"color: rgba(0, 0, 0, 0.8);\">  Nếu bạn có bất kỳ câu hỏi nào hoặc gặp bất kỳ vấn đề nào về sản phẩm,</span></p><p><span style=\"color: rgba(0, 0, 0, 0.8);\">  ✅Xin vui lòng liên hệ với chúng tôi. Chúng tôi sẽ chân thành giúp bạn với các vấn đề.</span></p><p><span style=\"color: rgba(0, 0, 0, 0.8);\">  ❌Một đánh giá tiêu cực sẽ KHÔNG giúp giải quyết các vấn đề.</span></p><p><span style=\"color: rgba(0, 0, 0, 0.8);\">  Đánh giá cao đánh giá 5 sao của bạn. Chúng tôi sẽ tiếp tục cải thiện sản phẩm của mình và cung cấp dịch vụ tốt hơn cho bạn.</span></p><p><span style=\"color: rgba(0, 0, 0, 0.8);\">  </span></p><p><span style=\"color: rgba(0, 0, 0, 0.8);\">  Chi tiết sản phẩm:</span></p><p><span style=\"color: rgba(0, 0, 0, 0.8);\">  ♫ Tên sản phẩm: Tai nghe có dây F02</span></p><p><span style=\"color: rgba(0, 0, 0, 0.8);\">  ♫ Màu sắc: Đen</span></p><p><span style=\"color: rgba(0, 0, 0, 0.8);\">  ♫ Chiều dài: 1.1m</span></p><p><span style=\"color: rgba(0, 0, 0, 0.8);\">  ♫ Bluetooth: KHÔNG</span></p><p><span style=\"color: rgba(0, 0, 0, 0.8);\">  ♫ Micro: CÓ</span></p><p><span style=\"color: rgba(0, 0, 0, 0.8);\">  ♫ Giắc audio: 3.5mm</span></p><p><span style=\"color: rgba(0, 0, 0, 0.8);\">  ♫ Chất lượng âm thanh: Tai nghe âm thanh nổi 3D</span></p><p><span style=\"color: rgba(0, 0, 0, 0.8);\">  </span></p><p><span style=\"color: rgba(0, 0, 0, 0.8);\">  ♫ 【HAI TRÌNH ĐIỀU KHIỂN ĐỘNG VÀ SIÊU TRẦM】 Trình điều khiển kép 8MM + 10MM mạnh mẽ tạo âm trầm vượt trội và tăng cường âm thanh tuyệt vời với độ nét cao.</span></p><p><span style=\"color: rgba(0, 0, 0, 0.8);\">  ♫ 【THIẾT KẾ TIỆN DỤNG CHO NGƯỜI DÙNG VÀ VỪA VẶN HOÀN HẢO】 Thiết kế tiện dụng cho người dùng và có 2 kiểu đeo (Có / Không có móc tai) đảm bảo tai nghe luôn ở trong tai bạn một cách an toàn và thoải mái.</span></p><p><span style=\"color: rgba(0, 0, 0, 0.8);\">  ♫ 【NGHE ĐIỆN THOẠI RẢNH TAY VÀ DỄ THAO TÁC 】 Dễ dàng điều khiển tai nghe bằng một nút đa chức năng. Có thể nghe điện thoại rảnh tay và rõ ràng với micro chất lượng cao.</span></p><p><span style=\"color: rgba(0, 0, 0, 0.8);\">  ♫ 【CHỐNG ỒN VÀ KHÔNG RƠI】 Thiết kế nhét trong và nhiều kích cỡ nút bịt tai bằng silicone giảm thiểu tiếng ồn để tai nghe phát ra âm thanh nổi rõ ràng và âm trầm sâu lắng. Móc tai mềm có thể tháo rời đảm bảo tai nghe vừa vặn và chắc chắn trong tai bạn và không bao giờ rơi ra trong quá trình sử dụng.</span></p><p><span style=\"color: rgba(0, 0, 0, 0.8);\">  ♫ 【TƯƠNG THÍCH KHÔNG GIỚI HẠN】 Giắc cắm 3.5mm giúp tai nghe có dây có thể sử dụng với các thiết bị âm thanh khác nhau.</span></p><p><span style=\"color: rgba(0, 0, 0, 0.8);\">  </span></p><p><span style=\"color: rgba(0, 0, 0, 0.8);\">  Khả năng tương thích:</span></p><p><span style=\"color: rgba(0, 0, 0, 0.8);\">  ♫ Phổ biến và phù hợp với tất cả các dòng điện thoại, máy tính bảng hoặc các thiết bị có giắc cắm 3.5mm, không giới hạn ở một thương hiệu nhất định.</span></p><p><span style=\"color: rgba(0, 0, 0, 0.8);\">  </span></p><p><span style=\"color: rgba(0, 0, 0, 0.8);\">  Gói hàng bao gồm:</span></p><p><span style=\"color: rgba(0, 0, 0, 0.8);\">  ♫ 1 * Tai nghe nhét tai có dây F02</span></p><p><span style=\"color: rgba(0, 0, 0, 0.8);\">  </span></p><p><span style=\"color: rgba(0, 0, 0, 0.8);\">  Cảm ơn bạn đã đặt hàng. Chúng tôi sẽ kiểm tra sản phẩm để đảm bảo chất lượng trước khi giao hàng. Mong bạn sẽ sớm nhận được hàng</span></p>',6,999,59000,10,'Còn hàng','Tai Nghe Topk F35.jpg',57,1,9,2),(20,'Tai Nghe Bluetooth TOPK T20','<p><span style=\"color: rgba(0, 0, 0, 0.8);\">Thời gian giao hàng dự kiến cho sản phẩm này là từ 7-9 ngày</span></p><p><span style=\"color: rgba(0, 0, 0, 0.8);\">【Khách hàng thân mến, vui lòng suy nghĩ kỹ trước khi chọn COD.  Nếu bạn từ bỏ hàng hóa gói, Shopee và TOPK sẽ ghi lại vào ứng dụng thông tin của bạn.  Cảm ơn sự hợp tác và hiểu biết của bạn】</span></p><p><br></p><p><span style=\"color: rgba(0, 0, 0, 0.8);\"> Chào mừng bạn đến với Shopee Mall - TOPK Official Flagship Store</span></p><p><span style=\"color: rgba(0, 0, 0, 0.8);\"> TOPK đã giành được siêu giải thưởng Thương hiệu có ảnh hưởng nhất năm 2020 tại thị trường Đông Nam Á.  TOPK chuyên về các sản phẩm điện tử tiêu dùng, hầu hết các phụ kiện điện thoại.</span></p><p><span style=\"color: rgba(0, 0, 0, 0.8);\"> Mặt hàng này luôn có sẵn và hoan nghênh bạn đặt hàng.</span></p><p><span style=\"color: rgba(0, 0, 0, 0.8);\"> ❤Gửi trung bình trong vòng 24 GIỜ vào WORKDAYS!</span></p><p><span style=\"color: rgba(0, 0, 0, 0.8);\"> Nếu bạn có bất kỳ câu hỏi nào hoặc gặp bất kỳ vấn đề nào về sản phẩm,</span></p><p><span style=\"color: rgba(0, 0, 0, 0.8);\"> ✅Xin vui lòng liên hệ với chúng tôi.  Chúng tôi sẽ chân thành giúp bạn với các vấn đề.</span></p><p><span style=\"color: rgba(0, 0, 0, 0.8);\"> ❌Một đánh giá tiêu cực sẽ KHÔNG giúp giải quyết các vấn đề.</span></p><p><span style=\"color: rgba(0, 0, 0, 0.8);\"> Đánh giá cao đánh giá 5 sao của bạn.  Chúng tôi sẽ tiếp tục cải thiện sản phẩm của mình và cung cấp dịch vụ tốt hơn cho bạn.</span></p><p><span style=\"color: rgba(0, 0, 0, 0.8);\"> </span></p><p><span style=\"color: rgba(0, 0, 0, 0.8);\"> </span></p><p><span style=\"color: rgba(0, 0, 0, 0.8);\"> Thông tin chi tiết: </span></p><p><span style=\"color: rgba(0, 0, 0, 0.8);\"> ♫ Tên sản phẩm: Tai nghe Bluetooth T20 TWS</span></p><p><span style=\"color: rgba(0, 0, 0, 0.8);\"> ♫ Màu sắc: Đen, Trắng, Đỏ, Xanh lá</span></p><p><span style=\"color: rgba(0, 0, 0, 0.8);\"> ♫ Bluetooth: CÓ</span></p><p><span style=\"color: rgba(0, 0, 0, 0.8);\"> ♫ Micro: CÓ</span></p><p><span style=\"color: rgba(0, 0, 0, 0.8);\"> ♫ Cổng đầu vào: Type C</span></p><p><span style=\"color: rgba(0, 0, 0, 0.8);\"> ♫ Hộp sạc pin: 350mAh</span></p><p><span style=\"color: rgba(0, 0, 0, 0.8);\"> ♫ Pin tai nghe: 28mAh mỗi bên</span></p><p><span style=\"color: rgba(0, 0, 0, 0.8);\"> ♫ Thời gian sử dụng: 3 ~ 4 giờ</span></p><p><span style=\"color: rgba(0, 0, 0, 0.8);\"> </span></p><p><span style=\"color: rgba(0, 0, 0, 0.8);\"> Đặc điểm: </span></p><p><span style=\"color: rgba(0, 0, 0, 0.8);\"> ♫ Hộp sạc trong suốt</span></p><p><span style=\"color: rgba(0, 0, 0, 0.8);\"> ♫ Chip không dây 5.0 mới giúp truyền tín hiệu nhanh hơn và khả năng tương thích cao hơn</span></p><p><span style=\"color: rgba(0, 0, 0, 0.8);\"> ♫ Ghép nối lần đầu tiên</span></p><p><span style=\"color: rgba(0, 0, 0, 0.8);\"> Bước 1: Tháo tai nghe, tai nghe sẽ tự động chuyển sang trạng thái ghép nối</span></p><p><span style=\"color: rgba(0, 0, 0, 0.8);\"> Bước 2: Làm mới thiết bị bluetooth trên điện thoại của bạn, tìm \"T20\" và ghép nối với tai nghe</span></p><p><span style=\"color: rgba(0, 0, 0, 0.8);\"> </span></p><p><span style=\"color: rgba(0, 0, 0, 0.8);\"> Khả năng tương thích:</span></p><p><span style=\"color: rgba(0, 0, 0, 0.8);\"> ♫ Phổ biến và phù hợp với tất cả mẫu điện thoại, máy tính bảng hoặc các thiết bị khác có bluetooth, không giới hạn ở một thương hiệu nhất định.</span></p><p><span style=\"color: rgba(0, 0, 0, 0.8);\"> </span></p><p><span style=\"color: rgba(0, 0, 0, 0.8);\"> Gói hàng bao gồm: </span></p><p><span style=\"color: rgba(0, 0, 0, 0.8);\"> ♫ 1 Tai nghe Bluetooth T20 TWS</span></p><p><span style=\"color: rgba(0, 0, 0, 0.8);\"> </span></p><p><span style=\"color: rgba(0, 0, 0, 0.8);\"> Cảm ơn bạn vì đã đặt hàng. Chúng tôi sẽ kiểm tra các sản phẩm để đảm bảo rằng chúng ở trong tình trạng tốt và hoạt động hoàn hảo trước khi giao hàng. Mong bạn sớm nhận được gói hàng.</span></p>',6,999,259000,10,'Hết hàng','Tai Nghe Bluetooth TOPK T20.jpg',57,1,9,2),(21,'Tai Nghe Bluetooth 5.0 Topk T30 ','<p><span style=\"color: rgba(0, 0, 0, 0.8);\">Thời gian giao hàng dự kiến cho sản phẩm này là từ 7-9 ngày</span></p><p><span style=\"color: rgba(0, 0, 0, 0.8);\">【Khách hàng thân mến, vui lòng suy nghĩ kỹ trước khi chọn COD.  Nếu bạn từ bỏ hàng hóa gói, Shopee và TOPK sẽ ghi lại vào ứng dụng thông tin của bạn.  Cảm ơn sự hợp tác và hiểu biết của bạn】</span></p><p><br></p><p><span style=\"color: rgba(0, 0, 0, 0.8);\"> Chào mừng bạn đến với Shopee Mall - TOPK Official Flagship Store</span></p><p><span style=\"color: rgba(0, 0, 0, 0.8);\"> TOPK đã giành được siêu giải thưởng Thương hiệu có ảnh hưởng nhất năm 2020 tại thị trường Đông Nam Á.  TOPK chuyên về các sản phẩm điện tử tiêu dùng, hầu hết các phụ kiện điện thoại.</span></p><p><span style=\"color: rgba(0, 0, 0, 0.8);\"> Mặt hàng này luôn có sẵn và hoan nghênh bạn đặt hàng.</span></p><p><span style=\"color: rgba(0, 0, 0, 0.8);\"> ❤Gửi trung bình trong vòng 24 GIỜ vào WORKDAYS!</span></p><p><span style=\"color: rgba(0, 0, 0, 0.8);\"> Nếu bạn có bất kỳ câu hỏi nào hoặc gặp bất kỳ vấn đề nào về sản phẩm,</span></p><p><span style=\"color: rgba(0, 0, 0, 0.8);\"> ✅Xin vui lòng liên hệ với chúng tôi.  Chúng tôi sẽ chân thành giúp bạn với các vấn đề.</span></p><p><span style=\"color: rgba(0, 0, 0, 0.8);\"> ❌Một đánh giá tiêu cực sẽ KHÔNG giúp giải quyết các vấn đề.</span></p><p><span style=\"color: rgba(0, 0, 0, 0.8);\"> Đánh giá cao đánh giá 5 sao của bạn.  Chúng tôi sẽ tiếp tục cải thiện sản phẩm của mình và cung cấp dịch vụ tốt hơn cho bạn.</span></p><p><span style=\"color: rgba(0, 0, 0, 0.8);\"> </span></p><p><span style=\"color: rgba(0, 0, 0, 0.8);\"> </span></p><p><span style=\"color: rgba(0, 0, 0, 0.8);\"> Thông tin chi tiết: </span></p><p><span style=\"color: rgba(0, 0, 0, 0.8);\"> ♫ Tên sản phẩm: Tai nghe Bluetooth T20 TWS</span></p><p><span style=\"color: rgba(0, 0, 0, 0.8);\"> ♫ Màu sắc: Đen, Trắng, Đỏ, Xanh lá</span></p><p><span style=\"color: rgba(0, 0, 0, 0.8);\"> ♫ Bluetooth: CÓ</span></p><p><span style=\"color: rgba(0, 0, 0, 0.8);\"> ♫ Micro: CÓ</span></p><p><span style=\"color: rgba(0, 0, 0, 0.8);\"> ♫ Cổng đầu vào: Type C</span></p><p><span style=\"color: rgba(0, 0, 0, 0.8);\"> ♫ Hộp sạc pin: 350mAh</span></p><p><span style=\"color: rgba(0, 0, 0, 0.8);\"> ♫ Pin tai nghe: 28mAh mỗi bên</span></p><p><span style=\"color: rgba(0, 0, 0, 0.8);\"> ♫ Thời gian sử dụng: 3 ~ 4 giờ</span></p><p><span style=\"color: rgba(0, 0, 0, 0.8);\"> </span></p><p><span style=\"color: rgba(0, 0, 0, 0.8);\"> Đặc điểm: </span></p><p><span style=\"color: rgba(0, 0, 0, 0.8);\"> ♫ Hộp sạc trong suốt</span></p><p><span style=\"color: rgba(0, 0, 0, 0.8);\"> ♫ Chip không dây 5.0 mới giúp truyền tín hiệu nhanh hơn và khả năng tương thích cao hơn</span></p><p><span style=\"color: rgba(0, 0, 0, 0.8);\"> ♫ Ghép nối lần đầu tiên</span></p><p><span style=\"color: rgba(0, 0, 0, 0.8);\"> Bước 1: Tháo tai nghe, tai nghe sẽ tự động chuyển sang trạng thái ghép nối</span></p><p><span style=\"color: rgba(0, 0, 0, 0.8);\"> Bước 2: Làm mới thiết bị bluetooth trên điện thoại của bạn, tìm \"T20\" và ghép nối với tai nghe</span></p><p><span style=\"color: rgba(0, 0, 0, 0.8);\"> </span></p><p><span style=\"color: rgba(0, 0, 0, 0.8);\"> Khả năng tương thích:</span></p><p><span style=\"color: rgba(0, 0, 0, 0.8);\"> ♫ Phổ biến và phù hợp với tất cả mẫu điện thoại, máy tính bảng hoặc các thiết bị khác có bluetooth, không giới hạn ở một thương hiệu nhất định.</span></p><p><span style=\"color: rgba(0, 0, 0, 0.8);\"> </span></p><p><span style=\"color: rgba(0, 0, 0, 0.8);\"> Gói hàng bao gồm: </span></p><p><span style=\"color: rgba(0, 0, 0, 0.8);\"> ♫ 1 Tai nghe Bluetooth T20 TWS</span></p><p><span style=\"color: rgba(0, 0, 0, 0.8);\"> </span></p><p><span style=\"color: rgba(0, 0, 0, 0.8);\"> Cảm ơn bạn vì đã đặt hàng. Chúng tôi sẽ kiểm tra các sản phẩm để đảm bảo rằng chúng ở trong tình trạng tốt và hoạt động hoàn hảo trước khi giao hàng. Mong bạn sớm nhận được gói hàng.</span></p>',6,999,259000,10,'Còn hàng','Tai Nghe Bluetooth 5.0 Topk T30.jpg',57,1,9,2),(22,'Tai Nghe Không Dây TOPK T12','<p><span style=\"color: rgba(0, 0, 0, 0.8);\">Thời gian giao hàng dự kiến cho sản phẩm này là từ 7-9 ngày</span></p><p><span style=\"color: rgba(0, 0, 0, 0.8);\">【Khách hàng thân mến, vui lòng suy nghĩ kỹ trước khi chọn COD.  Nếu bạn từ bỏ hàng hóa gói, Shopee và TOPK sẽ ghi lại vào ứng dụng thông tin của bạn.  Cảm ơn sự hợp tác và hiểu biết của bạn】</span></p><p><br></p><p><span style=\"color: rgba(0, 0, 0, 0.8);\"> Chào mừng bạn đến với Shopee Mall - TOPK Official Flagship Store</span></p><p><span style=\"color: rgba(0, 0, 0, 0.8);\"> TOPK đã giành được siêu giải thưởng Thương hiệu có ảnh hưởng nhất năm 2020 tại thị trường Đông Nam Á.  TOPK chuyên về các sản phẩm điện tử tiêu dùng, hầu hết các phụ kiện điện thoại.</span></p><p><span style=\"color: rgba(0, 0, 0, 0.8);\"> Mặt hàng này luôn có sẵn và hoan nghênh bạn đặt hàng.</span></p><p><span style=\"color: rgba(0, 0, 0, 0.8);\"> ❤Gửi trung bình trong vòng 24 GIỜ vào WORKDAYS!</span></p><p><span style=\"color: rgba(0, 0, 0, 0.8);\"> Nếu bạn có bất kỳ câu hỏi nào hoặc gặp bất kỳ vấn đề nào về sản phẩm,</span></p><p><span style=\"color: rgba(0, 0, 0, 0.8);\"> ✅Xin vui lòng liên hệ với chúng tôi.  Chúng tôi sẽ chân thành giúp bạn với các vấn đề.</span></p><p><span style=\"color: rgba(0, 0, 0, 0.8);\"> ❌Một đánh giá tiêu cực sẽ KHÔNG giúp giải quyết các vấn đề.</span></p><p><span style=\"color: rgba(0, 0, 0, 0.8);\"> Đánh giá cao đánh giá 5 sao của bạn.  Chúng tôi sẽ tiếp tục cải thiện sản phẩm của mình và cung cấp dịch vụ tốt hơn cho bạn.</span></p><p><span style=\"color: rgba(0, 0, 0, 0.8);\"> </span></p><p><span style=\"color: rgba(0, 0, 0, 0.8);\"> </span></p><p><span style=\"color: rgba(0, 0, 0, 0.8);\"> Thông tin chi tiết: </span></p><p><span style=\"color: rgba(0, 0, 0, 0.8);\"> ♫ Tên sản phẩm: Tai nghe Bluetooth T20 TWS</span></p><p><span style=\"color: rgba(0, 0, 0, 0.8);\"> ♫ Màu sắc: Đen, Trắng, Đỏ, Xanh lá</span></p><p><span style=\"color: rgba(0, 0, 0, 0.8);\"> ♫ Bluetooth: CÓ</span></p><p><span style=\"color: rgba(0, 0, 0, 0.8);\"> ♫ Micro: CÓ</span></p><p><span style=\"color: rgba(0, 0, 0, 0.8);\"> ♫ Cổng đầu vào: Type C</span></p><p><span style=\"color: rgba(0, 0, 0, 0.8);\"> ♫ Hộp sạc pin: 350mAh</span></p><p><span style=\"color: rgba(0, 0, 0, 0.8);\"> ♫ Pin tai nghe: 28mAh mỗi bên</span></p><p><span style=\"color: rgba(0, 0, 0, 0.8);\"> ♫ Thời gian sử dụng: 3 ~ 4 giờ</span></p><p><span style=\"color: rgba(0, 0, 0, 0.8);\"> </span></p><p><span style=\"color: rgba(0, 0, 0, 0.8);\"> Đặc điểm: </span></p><p><span style=\"color: rgba(0, 0, 0, 0.8);\"> ♫ Hộp sạc trong suốt</span></p><p><span style=\"color: rgba(0, 0, 0, 0.8);\"> ♫ Chip không dây 5.0 mới giúp truyền tín hiệu nhanh hơn và khả năng tương thích cao hơn</span></p><p><span style=\"color: rgba(0, 0, 0, 0.8);\"> ♫ Ghép nối lần đầu tiên</span></p><p><span style=\"color: rgba(0, 0, 0, 0.8);\"> Bước 1: Tháo tai nghe, tai nghe sẽ tự động chuyển sang trạng thái ghép nối</span></p><p><span style=\"color: rgba(0, 0, 0, 0.8);\"> Bước 2: Làm mới thiết bị bluetooth trên điện thoại của bạn, tìm \"T20\" và ghép nối với tai nghe</span></p><p><span style=\"color: rgba(0, 0, 0, 0.8);\"> </span></p><p><span style=\"color: rgba(0, 0, 0, 0.8);\"> Khả năng tương thích:</span></p><p><span style=\"color: rgba(0, 0, 0, 0.8);\"> ♫ Phổ biến và phù hợp với tất cả mẫu điện thoại, máy tính bảng hoặc các thiết bị khác có bluetooth, không giới hạn ở một thương hiệu nhất định.</span></p><p><span style=\"color: rgba(0, 0, 0, 0.8);\"> </span></p><p><span style=\"color: rgba(0, 0, 0, 0.8);\"> Gói hàng bao gồm: </span></p><p><span style=\"color: rgba(0, 0, 0, 0.8);\"> ♫ 1 Tai nghe Bluetooth T20 TWS</span></p><p><span style=\"color: rgba(0, 0, 0, 0.8);\"> </span></p><p><span style=\"color: rgba(0, 0, 0, 0.8);\"> Cảm ơn bạn vì đã đặt hàng. Chúng tôi sẽ kiểm tra các sản phẩm để đảm bảo rằng chúng ở trong tình trạng tốt và hoạt động hoàn hảo trước khi giao hàng. Mong bạn sớm nhận được gói hàng.</span></p>',6,999,159000,10,'Còn hàng','Tai Nghe Không Dây TOPK T12.jpg',57,1,9,2),(23,'Tai Nghe Không Dây TOPK T10','<p><span style=\"color: rgba(0, 0, 0, 0.8);\">Thời gian giao hàng dự kiến cho sản phẩm này là từ 7-9 ngày</span></p><p><span style=\"color: rgba(0, 0, 0, 0.8);\">【Khách hàng thân mến, vui lòng suy nghĩ kỹ trước khi chọn COD.  Nếu bạn từ bỏ hàng hóa gói, Shopee và TOPK sẽ ghi lại vào ứng dụng thông tin của bạn.  Cảm ơn sự hợp tác và hiểu biết của bạn】</span></p><p><br></p><p><span style=\"color: rgba(0, 0, 0, 0.8);\"> Chào mừng bạn đến với Shopee Mall - TOPK Official Flagship Store</span></p><p><span style=\"color: rgba(0, 0, 0, 0.8);\"> TOPK đã giành được siêu giải thưởng Thương hiệu có ảnh hưởng nhất năm 2020 tại thị trường Đông Nam Á.  TOPK chuyên về các sản phẩm điện tử tiêu dùng, hầu hết các phụ kiện điện thoại.</span></p><p><span style=\"color: rgba(0, 0, 0, 0.8);\"> Mặt hàng này luôn có sẵn và hoan nghênh bạn đặt hàng.</span></p><p><span style=\"color: rgba(0, 0, 0, 0.8);\"> ❤Gửi trung bình trong vòng 24 GIỜ vào WORKDAYS!</span></p><p><span style=\"color: rgba(0, 0, 0, 0.8);\"> Nếu bạn có bất kỳ câu hỏi nào hoặc gặp bất kỳ vấn đề nào về sản phẩm,</span></p><p><span style=\"color: rgba(0, 0, 0, 0.8);\"> ✅Xin vui lòng liên hệ với chúng tôi.  Chúng tôi sẽ chân thành giúp bạn với các vấn đề.</span></p><p><span style=\"color: rgba(0, 0, 0, 0.8);\"> ❌Một đánh giá tiêu cực sẽ KHÔNG giúp giải quyết các vấn đề.</span></p><p><span style=\"color: rgba(0, 0, 0, 0.8);\"> Đánh giá cao đánh giá 5 sao của bạn.  Chúng tôi sẽ tiếp tục cải thiện sản phẩm của mình và cung cấp dịch vụ tốt hơn cho bạn.</span></p><p><span style=\"color: rgba(0, 0, 0, 0.8);\"> </span></p><p><span style=\"color: rgba(0, 0, 0, 0.8);\"> </span></p><p><span style=\"color: rgba(0, 0, 0, 0.8);\"> Thông tin chi tiết: </span></p><p><span style=\"color: rgba(0, 0, 0, 0.8);\"> ♫ Tên sản phẩm: Tai nghe Bluetooth T20 TWS</span></p><p><span style=\"color: rgba(0, 0, 0, 0.8);\"> ♫ Màu sắc: Đen, Trắng, Đỏ, Xanh lá</span></p><p><span style=\"color: rgba(0, 0, 0, 0.8);\"> ♫ Bluetooth: CÓ</span></p><p><span style=\"color: rgba(0, 0, 0, 0.8);\"> ♫ Micro: CÓ</span></p><p><span style=\"color: rgba(0, 0, 0, 0.8);\"> ♫ Cổng đầu vào: Type C</span></p><p><span style=\"color: rgba(0, 0, 0, 0.8);\"> ♫ Hộp sạc pin: 350mAh</span></p><p><span style=\"color: rgba(0, 0, 0, 0.8);\"> ♫ Pin tai nghe: 28mAh mỗi bên</span></p><p><span style=\"color: rgba(0, 0, 0, 0.8);\"> ♫ Thời gian sử dụng: 3 ~ 4 giờ</span></p><p><span style=\"color: rgba(0, 0, 0, 0.8);\"> </span></p><p><span style=\"color: rgba(0, 0, 0, 0.8);\"> Đặc điểm: </span></p><p><span style=\"color: rgba(0, 0, 0, 0.8);\"> ♫ Hộp sạc trong suốt</span></p><p><span style=\"color: rgba(0, 0, 0, 0.8);\"> ♫ Chip không dây 5.0 mới giúp truyền tín hiệu nhanh hơn và khả năng tương thích cao hơn</span></p><p><span style=\"color: rgba(0, 0, 0, 0.8);\"> ♫ Ghép nối lần đầu tiên</span></p><p><span style=\"color: rgba(0, 0, 0, 0.8);\"> Bước 1: Tháo tai nghe, tai nghe sẽ tự động chuyển sang trạng thái ghép nối</span></p><p><span style=\"color: rgba(0, 0, 0, 0.8);\"> Bước 2: Làm mới thiết bị bluetooth trên điện thoại của bạn, tìm \"T20\" và ghép nối với tai nghe</span></p><p><span style=\"color: rgba(0, 0, 0, 0.8);\"> </span></p><p><span style=\"color: rgba(0, 0, 0, 0.8);\"> Khả năng tương thích:</span></p><p><span style=\"color: rgba(0, 0, 0, 0.8);\"> ♫ Phổ biến và phù hợp với tất cả mẫu điện thoại, máy tính bảng hoặc các thiết bị khác có bluetooth, không giới hạn ở một thương hiệu nhất định.</span></p><p><span style=\"color: rgba(0, 0, 0, 0.8);\"> </span></p><p><span style=\"color: rgba(0, 0, 0, 0.8);\"> Gói hàng bao gồm: </span></p><p><span style=\"color: rgba(0, 0, 0, 0.8);\"> ♫ 1 Tai nghe Bluetooth T20 TWS</span></p><p><span style=\"color: rgba(0, 0, 0, 0.8);\"> </span></p><p><span style=\"color: rgba(0, 0, 0, 0.8);\"> Cảm ơn bạn vì đã đặt hàng. Chúng tôi sẽ kiểm tra các sản phẩm để đảm bảo rằng chúng ở trong tình trạng tốt và hoạt động hoàn hảo trước khi giao hàng. Mong bạn sớm nhận được gói hàng.</span></p>',6,999,159000,10,'Còn hàng','Tai Nghe Không Dây TOPK T10.jpg',57,1,9,2),(24,'Bộ Sạc Dự Phòng Topk I2009 20000mAh','<p><span style=\"color: rgba(0, 0, 0, 0.8);\">Thời gian giao hàng dự kiến cho sản phẩm này là từ 7-9 ngày</span></p><p><span style=\"color: rgba(0, 0, 0, 0.8);\"> </span></p><p><span style=\"color: rgba(0, 0, 0, 0.8);\"> Chào mừng bạn đến với Shopee Mall - Cửa hàng hàng đầu chính hãng của TOPK</span></p><p><span style=\"color: rgba(0, 0, 0, 0.8);\"> Sản phẩm này có sẵn. Rất là thuận tiện, chào mừng bạn đến đặt hàng.</span></p><p><span style=\"color: rgba(0, 0, 0, 0.8);\"> Nếu bạn có bất kỳ vấn đề nào hoặc nếu bạn gặp bất kỳ vấn đề nào với sản phẩm,</span></p><p><span style=\"color: rgba(0, 0, 0, 0.8);\"> ✅ Xin vui lòng liên hệ với bộ phận chăm sóc khách hàng của chúng tôi. Chúng tôi sẽ chân thành giúp bạn giải quyết những vấn đề này.</span></p><p><span style=\"color: rgba(0, 0, 0, 0.8);\"> ❌ Đánh giá tiêu cực không giúp giải quyết vấn đề.</span></p><p><span style=\"color: rgba(0, 0, 0, 0.8);\"> Cảm ơn cho đánh giá 5 sao của bạn. Chúng tôi sẽ tiếp tục cải thiện sản phẩm của mình và cung cấp cho bạn dịch vụ tốt hơn.</span></p><p><span style=\"color: rgba(0, 0, 0, 0.8);\"> </span></p><p><span style=\"color: rgba(0, 0, 0, 0.8);\"> Thông tin chi tiết: </span></p><p><span style=\"color: rgba(0, 0, 0, 0.8);\"> ☀ Tên sản phẩm: Pin sạc dự phòng I1008C 10000mAh vỏ kim loại hiển thị kỹ thuật số </span></p><p><span style=\"color: rgba(0, 0, 0, 0.8);\"> ☀ Màu sắc: Xanh dương</span></p><p><span style=\"color: rgba(0, 0, 0, 0.8);\"> ☀ Cổng đầu ra: type - C (tối đa 10W), USB</span></p><p><span style=\"color: rgba(0, 0, 0, 0.8);\"> ☀ Cổng đầu vào: C (5 V2A), micro</span></p><p><span style=\"color: rgba(0, 0, 0, 0.8);\"> ☀ Sạc nhanh: Không</span></p><p><span style=\"color: rgba(0, 0, 0, 0.8);\"> ☀ Dung lượng: 10.000 mAh</span></p><p><span style=\"color: rgba(0, 0, 0, 0.8);\"> ☀ Công suất định mức: 6500 mA</span></p><p><span style=\"color: rgba(0, 0, 0, 0.8);\"> ☀ Chất liệu: kim loại</span></p><p><span style=\"color: rgba(0, 0, 0, 0.8);\"> ☀ Tương thích với tất cả các thiết bị apple, C và Android.</span></p><p><span style=\"color: rgba(0, 0, 0, 0.8);\"> </span></p><p><span style=\"color: rgba(0, 0, 0, 0.8);\"> Đặc trưng:</span></p><p><span style=\"color: rgba(0, 0, 0, 0.8);\"> ☀ Hiển thị kỹ thuật số rõ ràng về mức pin. Bạn không cần phải đoán mức pin hiện tại nữa.</span></p><p><span style=\"color: rgba(0, 0, 0, 0.8);\"> ☀ Đầu ra hai cổng USB và ba loại đầu vào cáp.</span></p><p><span style=\"color: rgba(0, 0, 0, 0.8);\"> Giải quyết vấn đề sạc và xả pin chỉ với một dây cáp, giúp việc di chuyển của bạn thuận tiện hơn.</span></p><p><span style=\"color: rgba(0, 0, 0, 0.8);\"> ☀ Bạn có thể sạc hai điện thoại cùng một lúc.</span></p><p><span style=\"color: rgba(0, 0, 0, 0.8);\"> Tự động phân phối dòng điện, tiết kiệm thời gian và không gian, rút ​​ngắn khoảng cách giữa bạn và bạn bè của bạn.</span></p><p><span style=\"color: rgba(0, 0, 0, 0.8);\"> ☀ Nâng cấp chip mang lại cho bạn khả năng bảo vệ đa năng vượt trội</span></p><p><span style=\"color: rgba(0, 0, 0, 0.8);\"> Tích hợp chip thông minh nâng cấp và pin cao cấp.</span></p><p><span style=\"color: rgba(0, 0, 0, 0.8);\"> ☀ Vỏ kim loại thể hiện cảm giác sang trọng nhẹ nhàng</span></p><p><span style=\"color: rgba(0, 0, 0, 0.8);\"> Vỏ hoàn toàn bằng kim loại, không có cảm giác thô ráp truyền thống từ nhựa, tạo cảm giác sang trọng.</span></p><p><span style=\"color: rgba(0, 0, 0, 0.8);\"> ☀ Tuân thủ các tiêu chuẩn quản lý hàng không</span></p><p><span style=\"color: rgba(0, 0, 0, 0.8);\"> Có thể mang lên máy bay an toàn, sạc di động trong quá trình di chuyển.</span></p><p><span style=\"color: rgba(0, 0, 0, 0.8);\"> Đóng gói:</span></p><p><span style=\"color: rgba(0, 0, 0, 0.8);\"> ☀ 1 * Sạc dự phòng I1008C 10000mAh </span></p><p><span style=\"color: rgba(0, 0, 0, 0.8);\"> ☀ 1* Cáp sạc micro (để sạc pin sạc dự phòng)</span></p><p><span style=\"color: rgba(0, 0, 0, 0.8);\"> </span></p><p><span style=\"color: rgba(0, 0, 0, 0.8);\"> </span></p><p><span style=\"color: rgba(0, 0, 0, 0.8);\"> Cảm ơn bạn đã đặt hàng. Chúng tôi sẽ kiểm tra các sản phẩm để đảm bảo rằng sản phẩm vẫn ở trong tình trạng tốt và hoạt động hoàn hảo trước khi giao hàng. Mong bạn sớm nhận được bưu phẩm.</span></p>',6,999,459000,10,'Còn hàng','Bộ Sạc Dự Phòng Topk I2009 20000mAh.jpg',57,1,9,2),(25,'Pin sạc dự phòng TOPK I2006P 20000mAh','<p><span style=\"color: rgba(0, 0, 0, 0.8);\">Thời gian giao hàng dự kiến cho sản phẩm này là từ 7-9 ngày</span></p><p><span style=\"color: rgba(0, 0, 0, 0.8);\"> </span></p><p><span style=\"color: rgba(0, 0, 0, 0.8);\"> Chào mừng bạn đến với Shopee Mall - Cửa hàng hàng đầu chính hãng của TOPK</span></p><p><span style=\"color: rgba(0, 0, 0, 0.8);\"> Sản phẩm này có sẵn. Rất là thuận tiện, chào mừng bạn đến đặt hàng.</span></p><p><span style=\"color: rgba(0, 0, 0, 0.8);\"> Nếu bạn có bất kỳ vấn đề nào hoặc nếu bạn gặp bất kỳ vấn đề nào với sản phẩm,</span></p><p><span style=\"color: rgba(0, 0, 0, 0.8);\"> ✅ Xin vui lòng liên hệ với bộ phận chăm sóc khách hàng của chúng tôi. Chúng tôi sẽ chân thành giúp bạn giải quyết những vấn đề này.</span></p><p><span style=\"color: rgba(0, 0, 0, 0.8);\"> ❌ Đánh giá tiêu cực không giúp giải quyết vấn đề.</span></p><p><span style=\"color: rgba(0, 0, 0, 0.8);\"> Cảm ơn cho đánh giá 5 sao của bạn. Chúng tôi sẽ tiếp tục cải thiện sản phẩm của mình và cung cấp cho bạn dịch vụ tốt hơn.</span></p><p><span style=\"color: rgba(0, 0, 0, 0.8);\"> </span></p><p><span style=\"color: rgba(0, 0, 0, 0.8);\"> Thông tin chi tiết: </span></p><p><span style=\"color: rgba(0, 0, 0, 0.8);\"> ☀ Tên sản phẩm: Pin sạc dự phòng I1008C 10000mAh vỏ kim loại hiển thị kỹ thuật số </span></p><p><span style=\"color: rgba(0, 0, 0, 0.8);\"> ☀ Màu sắc: Xanh dương</span></p><p><span style=\"color: rgba(0, 0, 0, 0.8);\"> ☀ Cổng đầu ra: type - C (tối đa 10W), USB</span></p><p><span style=\"color: rgba(0, 0, 0, 0.8);\"> ☀ Cổng đầu vào: C (5 V2A), micro</span></p><p><span style=\"color: rgba(0, 0, 0, 0.8);\"> ☀ Sạc nhanh: Không</span></p><p><span style=\"color: rgba(0, 0, 0, 0.8);\"> ☀ Dung lượng: 10.000 mAh</span></p><p><span style=\"color: rgba(0, 0, 0, 0.8);\"> ☀ Công suất định mức: 6500 mA</span></p><p><span style=\"color: rgba(0, 0, 0, 0.8);\"> ☀ Chất liệu: kim loại</span></p><p><span style=\"color: rgba(0, 0, 0, 0.8);\"> ☀ Tương thích với tất cả các thiết bị apple, C và Android.</span></p><p><span style=\"color: rgba(0, 0, 0, 0.8);\"> </span></p><p><span style=\"color: rgba(0, 0, 0, 0.8);\"> Đặc trưng:</span></p><p><span style=\"color: rgba(0, 0, 0, 0.8);\"> ☀ Hiển thị kỹ thuật số rõ ràng về mức pin. Bạn không cần phải đoán mức pin hiện tại nữa.</span></p><p><span style=\"color: rgba(0, 0, 0, 0.8);\"> ☀ Đầu ra hai cổng USB và ba loại đầu vào cáp.</span></p><p><span style=\"color: rgba(0, 0, 0, 0.8);\"> Giải quyết vấn đề sạc và xả pin chỉ với một dây cáp, giúp việc di chuyển của bạn thuận tiện hơn.</span></p><p><span style=\"color: rgba(0, 0, 0, 0.8);\"> ☀ Bạn có thể sạc hai điện thoại cùng một lúc.</span></p><p><span style=\"color: rgba(0, 0, 0, 0.8);\"> Tự động phân phối dòng điện, tiết kiệm thời gian và không gian, rút ​​ngắn khoảng cách giữa bạn và bạn bè của bạn.</span></p><p><span style=\"color: rgba(0, 0, 0, 0.8);\"> ☀ Nâng cấp chip mang lại cho bạn khả năng bảo vệ đa năng vượt trội</span></p><p><span style=\"color: rgba(0, 0, 0, 0.8);\"> Tích hợp chip thông minh nâng cấp và pin cao cấp.</span></p><p><span style=\"color: rgba(0, 0, 0, 0.8);\"> ☀ Vỏ kim loại thể hiện cảm giác sang trọng nhẹ nhàng</span></p><p><span style=\"color: rgba(0, 0, 0, 0.8);\"> Vỏ hoàn toàn bằng kim loại, không có cảm giác thô ráp truyền thống từ nhựa, tạo cảm giác sang trọng.</span></p><p><span style=\"color: rgba(0, 0, 0, 0.8);\"> ☀ Tuân thủ các tiêu chuẩn quản lý hàng không</span></p><p><span style=\"color: rgba(0, 0, 0, 0.8);\"> Có thể mang lên máy bay an toàn, sạc di động trong quá trình di chuyển.</span></p><p><span style=\"color: rgba(0, 0, 0, 0.8);\"> Đóng gói:</span></p><p><span style=\"color: rgba(0, 0, 0, 0.8);\">  ☀ 1 * Sạc dự phòng I1008C 10000mAh </span></p><p><span style=\"color: rgba(0, 0, 0, 0.8);\">  ☀ 1* Cáp sạc micro (để sạc pin sạc dự phòng)</span></p><p><span style=\"color: rgba(0, 0, 0, 0.8);\"> </span></p><p><span style=\"color: rgba(0, 0, 0, 0.8);\"> </span></p><p><span style=\"color: rgba(0, 0, 0, 0.8);\"> Cảm ơn bạn đã đặt hàng. Chúng tôi sẽ kiểm tra các sản phẩm để đảm bảo rằng sản phẩm vẫn ở trong tình trạng tốt và hoạt động hoàn hảo trước khi giao hàng. Mong bạn sớm nhận được bưu phẩm.</span></p>',6,999,559000,10,'Còn hàng','Pin sạc dự phòng TOPK I2006P 20000mAh.jpg',57,1,9,2),(26,'Pin Sạc Dự Phòng TOPK I1012P PD 18W','<p><span style=\"color: rgba(0, 0, 0, 0.8);\">Thời gian giao hàng dự kiến cho sản phẩm này là từ 7-9 ngày</span></p><p><span style=\"color: rgba(0, 0, 0, 0.8);\"> </span></p><p><span style=\"color: rgba(0, 0, 0, 0.8);\"> Chào mừng bạn đến với Shopee Mall - Cửa hàng hàng đầu chính hãng của TOPK</span></p><p><span style=\"color: rgba(0, 0, 0, 0.8);\"> Sản phẩm này có sẵn. Rất là thuận tiện, chào mừng bạn đến đặt hàng.</span></p><p><span style=\"color: rgba(0, 0, 0, 0.8);\"> Nếu bạn có bất kỳ vấn đề nào hoặc nếu bạn gặp bất kỳ vấn đề nào với sản phẩm,</span></p><p><span style=\"color: rgba(0, 0, 0, 0.8);\"> ✅ Xin vui lòng liên hệ với bộ phận chăm sóc khách hàng của chúng tôi. Chúng tôi sẽ chân thành giúp bạn giải quyết những vấn đề này.</span></p><p><span style=\"color: rgba(0, 0, 0, 0.8);\"> ❌ Đánh giá tiêu cực không giúp giải quyết vấn đề.</span></p><p><span style=\"color: rgba(0, 0, 0, 0.8);\"> Cảm ơn cho đánh giá 5 sao của bạn. Chúng tôi sẽ tiếp tục cải thiện sản phẩm của mình và cung cấp cho bạn dịch vụ tốt hơn.</span></p><p><span style=\"color: rgba(0, 0, 0, 0.8);\"> </span></p><p><span style=\"color: rgba(0, 0, 0, 0.8);\"> Thông tin chi tiết: </span></p><p><span style=\"color: rgba(0, 0, 0, 0.8);\"> ☀ Tên sản phẩm: Pin sạc dự phòng I1008C 10000mAh vỏ kim loại hiển thị kỹ thuật số </span></p><p><span style=\"color: rgba(0, 0, 0, 0.8);\"> ☀ Màu sắc: Xanh dương</span></p><p><span style=\"color: rgba(0, 0, 0, 0.8);\"> ☀ Cổng đầu ra: type - C (tối đa 10W), USB</span></p><p><span style=\"color: rgba(0, 0, 0, 0.8);\"> ☀ Cổng đầu vào: C (5 V2A), micro</span></p><p><span style=\"color: rgba(0, 0, 0, 0.8);\"> ☀ Sạc nhanh: Không</span></p><p><span style=\"color: rgba(0, 0, 0, 0.8);\"> ☀ Dung lượng: 10.000 mAh</span></p><p><span style=\"color: rgba(0, 0, 0, 0.8);\"> ☀ Công suất định mức: 6500 mA</span></p><p><span style=\"color: rgba(0, 0, 0, 0.8);\"> ☀ Chất liệu: kim loại</span></p><p><span style=\"color: rgba(0, 0, 0, 0.8);\"> ☀ Tương thích với tất cả các thiết bị apple, C và Android.</span></p><p><span style=\"color: rgba(0, 0, 0, 0.8);\"> </span></p><p><span style=\"color: rgba(0, 0, 0, 0.8);\"> Đặc trưng:</span></p><p><span style=\"color: rgba(0, 0, 0, 0.8);\"> ☀ Hiển thị kỹ thuật số rõ ràng về mức pin. Bạn không cần phải đoán mức pin hiện tại nữa.</span></p><p><span style=\"color: rgba(0, 0, 0, 0.8);\"> ☀ Đầu ra hai cổng USB và ba loại đầu vào cáp.</span></p><p><span style=\"color: rgba(0, 0, 0, 0.8);\"> Giải quyết vấn đề sạc và xả pin chỉ với một dây cáp, giúp việc di chuyển của bạn thuận tiện hơn.</span></p><p><span style=\"color: rgba(0, 0, 0, 0.8);\"> ☀ Bạn có thể sạc hai điện thoại cùng một lúc.</span></p><p><span style=\"color: rgba(0, 0, 0, 0.8);\"> Tự động phân phối dòng điện, tiết kiệm thời gian và không gian, rút ​​ngắn khoảng cách giữa bạn và bạn bè của bạn.</span></p><p><span style=\"color: rgba(0, 0, 0, 0.8);\"> ☀ Nâng cấp chip mang lại cho bạn khả năng bảo vệ đa năng vượt trội</span></p><p><span style=\"color: rgba(0, 0, 0, 0.8);\"> Tích hợp chip thông minh nâng cấp và pin cao cấp.</span></p><p><span style=\"color: rgba(0, 0, 0, 0.8);\"> ☀ Vỏ kim loại thể hiện cảm giác sang trọng nhẹ nhàng</span></p><p><span style=\"color: rgba(0, 0, 0, 0.8);\"> Vỏ hoàn toàn bằng kim loại, không có cảm giác thô ráp truyền thống từ nhựa, tạo cảm giác sang trọng.</span></p><p><span style=\"color: rgba(0, 0, 0, 0.8);\"> ☀ Tuân thủ các tiêu chuẩn quản lý hàng không</span></p><p><span style=\"color: rgba(0, 0, 0, 0.8);\"> Có thể mang lên máy bay an toàn, sạc di động trong quá trình di chuyển.</span></p><p><span style=\"color: rgba(0, 0, 0, 0.8);\"> Đóng gói:</span></p><p><span style=\"color: rgba(0, 0, 0, 0.8);\">  ☀ 1 * Sạc dự phòng I1008C 10000mAh </span></p><p><span style=\"color: rgba(0, 0, 0, 0.8);\">  ☀ 1* Cáp sạc micro (để sạc pin sạc dự phòng)</span></p><p><span style=\"color: rgba(0, 0, 0, 0.8);\"> </span></p><p><span style=\"color: rgba(0, 0, 0, 0.8);\"> </span></p><p><span style=\"color: rgba(0, 0, 0, 0.8);\"> Cảm ơn bạn đã đặt hàng. Chúng tôi sẽ kiểm tra các sản phẩm để đảm bảo rằng sản phẩm vẫn ở trong tình trạng tốt và hoạt động hoàn hảo trước khi giao hàng. Mong bạn sớm nhận được bưu phẩm.</span></p>',6,999,359000,10,'Còn hàng','Pin sạc dự phòng TOPK I2006P 20000mA.jpg',57,1,9,2),(27,'TOPK Cáp Âm Thanh L21','<p><span style=\"color: rgba(0, 0, 0, 0.8);\">Thời gian giao hàng dự kiến cho sản phẩm này là từ 7-9 ngày</span></p><p><span style=\"color: rgba(0, 0, 0, 0.8);\">  【Khách hàng thân mến, vui lòng suy nghĩ kỹ trước khi chọn COD. Nếu bạn không nhận hàng, Shopee và TOPK sẽ ghi lại vào ứng dụng thông tin của bạn. Cảm ơn sự hợp tác và hiểu biết của bạn】</span></p><p><span style=\"color: rgba(0, 0, 0, 0.8);\"> </span></p><p><span style=\"color: rgba(0, 0, 0, 0.8);\">  Chào mừng bạn đến với Shopee Mall - TOPK Official Flagship Store</span></p><p><span style=\"color: rgba(0, 0, 0, 0.8);\">  TOPK đã giành được siêu giải thưởng Thương hiệu có ảnh hưởng nhất năm 2020 tại thị trường Đông Nam Á. TOPK chuyên về các sản phẩm điện tử tiêu dùng, hầu hết các phụ kiện điện thoại.</span></p><p><span style=\"color: rgba(0, 0, 0, 0.8);\">  Mặt hàng này luôn có sẵn và hoan nghênh bạn đặt hàng.</span></p><p><span style=\"color: rgba(0, 0, 0, 0.8);\">  ❤Gửi hàng trong thời gian sớm nhất!</span></p><p><span style=\"color: rgba(0, 0, 0, 0.8);\">  Nếu bạn có bất kỳ câu hỏi nào hoặc gặp bất kỳ vấn đề nào về sản phẩm,</span></p><p><span style=\"color: rgba(0, 0, 0, 0.8);\">  ✅Xin vui lòng liên hệ với chúng tôi. Chúng tôi sẽ chân thành giúp bạn với các vấn đề.</span></p><p><span style=\"color: rgba(0, 0, 0, 0.8);\">  ❌Một đánh giá tiêu cực sẽ KHÔNG giúp giải quyết các vấn đề.</span></p><p><span style=\"color: rgba(0, 0, 0, 0.8);\">  Đánh giá cao đánh giá 5 sao của bạn. Chúng tôi sẽ tiếp tục cải thiện sản phẩm của mình và cung cấp dịch vụ tốt hơn cho bạn.</span></p><p><span style=\"color: rgba(0, 0, 0, 0.8);\"> </span></p><p><span style=\"color: rgba(0, 0, 0, 0.8);\">  Thông số kỹ thuật:</span></p><p><span style=\"color: rgba(0, 0, 0, 0.8);\">  • Tên sản phẩm: Cáp âm thanh L21 nối 2RCA đến 2 RCA</span></p><p><span style=\"color: rgba(0, 0, 0, 0.8);\">  • Màu sắc: đen</span></p><p><span style=\"color: rgba(0, 0, 0, 0.8);\">  • Chiều dài: 1 mét (3.28ft)</span></p><p><span style=\"color: rgba(0, 0, 0, 0.8);\">  • Giao diện dây: Giắc cắm</span></p><p><span style=\"color: rgba(0, 0, 0, 0.8);\">  • Chất liệu: Cổng kim loại + Đồng không oxy</span></p><p><span style=\"color: rgba(0, 0, 0, 0.8);\">  • Chứng nhận: FCC, CE, ROSH</span></p><p><span style=\"color: rgba(0, 0, 0, 0.8);\">  </span></p><p><span style=\"color: rgba(0, 0, 0, 0.8);\">  Đặc trưng:</span></p><p><span style=\"color: rgba(0, 0, 0, 0.8);\">  • 2 đầu ra RCA và 2 đầu vào RCA âm thanh trong trẻo (kết nối với đầu vào trái hoặc phải); đầu vào có thể có tần số cao (âm thanh kỹ thuật số) hoặc tần số thấp (loa siêu trầm)</span></p><p><span style=\"color: rgba(0, 0, 0, 0.8);\">  • Dây dẫn cân bằng để tăng cường loại bỏ tiếng ồn bên trong, tạo âm trầm rõ hơn, sâu hơn và loại bỏ méo âm.</span></p><p><span style=\"color: rgba(0, 0, 0, 0.8);\">  • Loại bỏ tiếng ồn / phản hồi không mong muốn cho âm thanh rõ nét, trong trẻo; giảm thiểu mất tín hiệu tối thiểu cho âm thanh, phù hợp, đáng tin cậy.</span></p><p><span style=\"color: rgba(0, 0, 0, 0.8);\">  • Các đầu nối được đánh dấu màu đỏ / trắng để kết nối nhanh và phân biệt trái phải dễ dàng.</span></p><p><span style=\"color: rgba(0, 0, 0, 0.8);\">  </span></p><p><span style=\"color: rgba(0, 0, 0, 0.8);\">  Khả năng tương thích:</span></p><p><span style=\"color: rgba(0, 0, 0, 0.8);\">  • Tương thích với TV, máy thu AV, bộ khuếch đại, máy chiếu, radio, dàn âm thanh xe hơi, hệ thống âm thanh nổi hi-fi, hệ thống rạp hát tại nhà, âm thanh máy tính, thiết bị ghi âm, loa, v.v.</span></p><p><span style=\"color: rgba(0, 0, 0, 0.8);\">  </span></p><p><span style=\"color: rgba(0, 0, 0, 0.8);\">  • Gói hàng bao gồm: 1 * Cáp âm thanh L21 nối 2RCA sang 2 RCA</span></p><p><span style=\"color: rgba(0, 0, 0, 0.8);\">  </span></p><p><span style=\"color: rgba(0, 0, 0, 0.8);\">  Nếu bạn có bất kỳ câu hỏi nào về sản phẩm và đơn đặt hàng, vui lòng liên hệ với chúng tôi kịp thời, chúng tôi sẽ trả lời và giúp bạn trong thời gian ngắn nhất.</span></p><p><span style=\"color: rgba(0, 0, 0, 0.8);\">  Lưu ý: Các sản phẩm có chất liệu vàng, kim cương, đá quý trong shop đều là xi mạ/ nhân tạo.</span></p>',6,999,59000,10,'Còn hàng','TOPK Cáp Âm Thanh L21.jpg',57,1,9,2),(28,'Cáp sạc truyền dữ liệu nhanh TOPK AN09','<p><span style=\"color: rgba(0, 0, 0, 0.8);\">Thời gian giao hàng dự kiến cho sản phẩm này là từ 7-9 ngày</span></p><p><span style=\"color: rgba(0, 0, 0, 0.8);\">  【Khách hàng thân mến, vui lòng suy nghĩ kỹ trước khi lựa chọn hình thức thanh toán COD. Nếu bạn không nhận gói hàng, Shopee và TOPK sẽ ghi lại vào ứng dụng thông tin của bạn. Cảm ơn sự hợp tác và thông cảm của bạn】</span></p><p><span style=\"color: rgba(0, 0, 0, 0.8);\"> </span></p><p><span style=\"color: rgba(0, 0, 0, 0.8);\">  Chào mừng bạn đến với Shopee Mall - TOPK Official Flagship Store</span></p><p><span style=\"color: rgba(0, 0, 0, 0.8);\">  TOPK đã giành được siêu giải thưởng Thương hiệu có ảnh hưởng nhất năm 2020 tại thị trường Đông Nam Á. TOPK chuyên về các sản phẩm điện tử tiêu dùng, hầu hết các phụ kiện điện thoại.</span></p><p><span style=\"color: rgba(0, 0, 0, 0.8);\">  Mặt hàng này luôn có sẵn và hoan nghênh bạn đặt hàng.</span></p><p><span style=\"color: rgba(0, 0, 0, 0.8);\">  Nếu bạn có bất kỳ câu hỏi nào hoặc gặp bất kỳ vấn đề nào về sản phẩm,</span></p><p><span style=\"color: rgba(0, 0, 0, 0.8);\">  ✅Xin vui lòng liên hệ với chúng tôi. Chúng tôi sẽ chân thành giải quyết mọi vấn đề cho bạn.</span></p><p><span style=\"color: rgba(0, 0, 0, 0.8);\">  ❌Một đánh giá tiêu cực sẽ KHÔNG giúp giải quyết các vấn đề.</span></p><p><span style=\"color: rgba(0, 0, 0, 0.8);\">  Nếu bạn hài lòng với tất cả sản phẩm, hãy để lại cho chúng tôi đánh giá 5 sao, đó là động lực để cửa hàng có thể tiếp tục phát triển trong tương lai và cung cấp dịch vụ tốt hơn cho bạn.</span></p><p><span style=\"color: rgba(0, 0, 0, 0.8);\">  </span></p><p><span style=\"color: rgba(0, 0, 0, 0.8);\">  ☀ Tên thương hiệu: TOPK</span></p><p><span style=\"color: rgba(0, 0, 0, 0.8);\">  ☀ Chất liệu: Nylon</span></p><p><span style=\"color: rgba(0, 0, 0, 0.8);\">  ☀ Bao bì: Có</span></p><p><span style=\"color: rgba(0, 0, 0, 0.8);\">  ☀ Kích thước: 1/5/10/20 cái</span></p><p><span style=\"color: rgba(0, 0, 0, 0.8);\">  ☀ Hình dạng: Dây</span></p><p><span style=\"color: rgba(0, 0, 0, 0.8);\">  ☀ Tên sản phẩm: Dây nylon TOPK quấn gọn cáp </span></p><p><span style=\"color: rgba(0, 0, 0, 0.8);\">  ☀ Màu sắc: Đen</span></p><p><span style=\"color: rgba(0, 0, 0, 0.8);\">  ☀ Đặc điểm: Không dễ bị cắt + Độ bám dính cao + Có thể tái sử dụng + Thông dụng</span></p><p><span style=\"color: rgba(0, 0, 0, 0.8);\">  ☀ Chức năng: Có thể được cố định và có nút thắt</span></p><p><span style=\"color: rgba(0, 0, 0, 0.8);\">  Chức năng 1: Giữ dây điện</span></p><p><span style=\"color: rgba(0, 0, 0, 0.8);\">  Chức năng 2: Thu gọn dây chuột</span></p><p><span style=\"color: rgba(0, 0, 0, 0.8);\">  Chức năng 3: Quấn gọn dây cáp</span></p><p><span style=\"color: rgba(0, 0, 0, 0.8);\">  Chức năng 4: Bảo vệ cáp USB</span></p><p><span style=\"color: rgba(0, 0, 0, 0.8);\">  ☀ Số lượng: 1/5/10/20 cái</span></p><p><span style=\"color: rgba(0, 0, 0, 0.8);\">  </span></p><p><span style=\"color: rgba(0, 0, 0, 0.8);\">  Cảm ơn bạn đã đặt hàng của bạn. Chúng tôi sẽ kiểm tra các sản phẩm để đảm bảo sản phẩm đang trong tình trạng tốt và hoạt động hoàn hảo trước khi giao hàng. Mong bạn sớm nhận được gói hàng.</span></p>',1,1000,25000,10,'Còn hàng','Cáp sạc truyền dữ liệu nhanh TOPK AN09.jpg',57,1,9,2),(29,'Đầu nối TOPK AN03','<p><span style=\"color: rgba(0, 0, 0, 0.8);\">Thời gian giao hàng dự kiến cho sản phẩm này là từ 7-9 ngày</span></p><p><span style=\"color: rgba(0, 0, 0, 0.8);\"> 【Khách hàng thân mến, vui lòng suy nghĩ kỹ trước khi chọn COD. Nếu bạn từ bỏ hàng hóa gói, Shopee và TOPK sẽ ghi lại vào ứng dụng thông tin của bạn. Cảm ơn sự hợp tác và hiểu biết của bạn】</span></p><p><span style=\"color: rgba(0, 0, 0, 0.8);\"> </span></p><p><span style=\"color: rgba(0, 0, 0, 0.8);\">  Chào mừng bạn đến với Shopee Mall - TOPK Official Flagship Store</span></p><p><span style=\"color: rgba(0, 0, 0, 0.8);\">  TOPK đã giành được siêu giải thưởng Thương hiệu có ảnh hưởng nhất năm 2020 tại thị trường Đông Nam Á. TOPK chuyên về các sản phẩm điện tử tiêu dùng, hầu hết các phụ kiện điện thoại.</span></p><p><span style=\"color: rgba(0, 0, 0, 0.8);\">  Mặt hàng này luôn có sẵn và hoan nghênh bạn đặt hàng.</span></p><p><span style=\"color: rgba(0, 0, 0, 0.8);\">  ❤Gửi trung bình trong vòng 24 giờ vào ngày làm việc!</span></p><p><span style=\"color: rgba(0, 0, 0, 0.8);\">  Nếu bạn có bất kỳ câu hỏi nào hoặc gặp bất kỳ vấn đề nào về sản phẩm,</span></p><p><span style=\"color: rgba(0, 0, 0, 0.8);\">  ✅Xin vui lòng liên hệ với chúng tôi. Chúng tôi sẽ chân thành giúp bạn với các vấn đề.</span></p><p><span style=\"color: rgba(0, 0, 0, 0.8);\">  ❌Một đánh giá tiêu cực sẽ KHÔNG giúp giải quyết các vấn đề.</span></p><p><span style=\"color: rgba(0, 0, 0, 0.8);\">  Đánh giá cao đánh giá 5 sao của bạn. Chúng tôi sẽ tiếp tục cải thiện sản phẩm của mình và cung cấp dịch vụ tốt hơn cho bạn.</span></p><p><span style=\"color: rgba(0, 0, 0, 0.8);\"> </span></p><p><span style=\"color: rgba(0, 0, 0, 0.8);\"> Giắc cắm mini ： Giắc cắm Micro mini có thể dễ dàng cắm vào điện thoại mà không cần tháo ốp điện thoại.</span></p><p><span style=\"color: rgba(0, 0, 0, 0.8);\">  </span></p><p><span style=\"color: rgba(0, 0, 0, 0.8);\">  Truyền dữ liệu ： USB2.0, truyền dữ liệu nhanh chóng, không cần phải chờ đợi lâu.</span></p><p><span style=\"color: rgba(0, 0, 0, 0.8);\">  </span></p><p><span style=\"color: rgba(0, 0, 0, 0.8);\">  Khả năng tương thích mạnh mẽ: Cổng USB tiêu chuẩn, hỗ trợ hoàn hảo cho việc mở rộng, bàn phím kép, chuột, thẻ U, gamepad, v.v.</span></p><p><span style=\"color: rgba(0, 0, 0, 0.8);\">  </span></p><p><span style=\"color: rgba(0, 0, 0, 0.8);\">  Mở rộng dung lượng lớn: Hỗ trợ mở rộng bộ nhớ ngoài 126G. Xem phim, xem video, nghe nhạc và làm việc ở mọi nơi.</span></p>',1,1000,25000,10,'Còn hàng','Đầu nối TOPK AN03.jpg',57,1,9,2),(30,'Đầu Chuyển Đổi TOPK AT06','<p><span style=\"color: rgba(0, 0, 0, 0.8);\">Thời gian giao hàng dự kiến cho sản phẩm này là từ 7-9 ngày</span></p><p><span style=\"color: rgba(0, 0, 0, 0.8);\"> 【Khách hàng thân mến, vui lòng suy nghĩ kỹ trước khi chọn COD. Nếu bạn từ bỏ hàng hóa gói, Shopee và TOPK sẽ ghi lại vào ứng dụng thông tin của bạn. Cảm ơn sự hợp tác và hiểu biết của bạn】</span></p><p><span style=\"color: rgba(0, 0, 0, 0.8);\"> </span></p><p><span style=\"color: rgba(0, 0, 0, 0.8);\">  Chào mừng bạn đến với Shopee Mall - TOPK Official Flagship Store</span></p><p><span style=\"color: rgba(0, 0, 0, 0.8);\">  TOPK đã giành được siêu giải thưởng Thương hiệu có ảnh hưởng nhất năm 2020 tại thị trường Đông Nam Á. TOPK chuyên về các sản phẩm điện tử tiêu dùng, hầu hết các phụ kiện điện thoại.</span></p><p><span style=\"color: rgba(0, 0, 0, 0.8);\">  Mặt hàng này luôn có sẵn và hoan nghênh bạn đặt hàng.</span></p><p><span style=\"color: rgba(0, 0, 0, 0.8);\">  ❤Gửi trung bình trong vòng 24 giờ vào ngày làm việc!</span></p><p><span style=\"color: rgba(0, 0, 0, 0.8);\">  Nếu bạn có bất kỳ câu hỏi nào hoặc gặp bất kỳ vấn đề nào về sản phẩm,</span></p><p><span style=\"color: rgba(0, 0, 0, 0.8);\">  ✅Xin vui lòng liên hệ với chúng tôi. Chúng tôi sẽ chân thành giúp bạn với các vấn đề.</span></p><p><span style=\"color: rgba(0, 0, 0, 0.8);\">  ❌Một đánh giá tiêu cực sẽ KHÔNG giúp giải quyết các vấn đề.</span></p><p><span style=\"color: rgba(0, 0, 0, 0.8);\">  Đánh giá cao đánh giá 5 sao của bạn. Chúng tôi sẽ tiếp tục cải thiện sản phẩm của mình và cung cấp dịch vụ tốt hơn cho bạn.</span></p><p><span style=\"color: rgba(0, 0, 0, 0.8);\"> </span></p><p><span style=\"color: rgba(0, 0, 0, 0.8);\"> Giắc cắm mini ： Giắc cắm Micro mini có thể dễ dàng cắm vào điện thoại mà không cần tháo ốp điện thoại.</span></p><p><span style=\"color: rgba(0, 0, 0, 0.8);\">  </span></p><p><span style=\"color: rgba(0, 0, 0, 0.8);\">  Truyền dữ liệu ： USB2.0, truyền dữ liệu nhanh chóng, không cần phải chờ đợi lâu.</span></p><p><span style=\"color: rgba(0, 0, 0, 0.8);\">  </span></p><p><span style=\"color: rgba(0, 0, 0, 0.8);\">  Khả năng tương thích mạnh mẽ: Cổng USB tiêu chuẩn, hỗ trợ hoàn hảo cho việc mở rộng, bàn phím kép, chuột, thẻ U, gamepad, v.v.</span></p><p><span style=\"color: rgba(0, 0, 0, 0.8);\">  </span></p><p><span style=\"color: rgba(0, 0, 0, 0.8);\">  Mở rộng dung lượng lớn: Hỗ trợ mở rộng bộ nhớ ngoài 126G. Xem phim, xem video, nghe nhạc và làm việc ở mọi nơi.</span></p>',1,1000,25000,10,'Còn hàng','Đầu Chuyển Đổi TOPK AT06.jpg',57,1,9,2),(31,'Dây cột cáp TOPK J01','<p><span style=\"color: rgba(0, 0, 0, 0.8);\">Thời gian giao hàng dự kiến cho sản phẩm này là từ 7-9 ngày</span></p><p><span style=\"color: rgba(0, 0, 0, 0.8);\">  【Khách hàng thân mến, vui lòng suy nghĩ kỹ trước khi chọn COD.  Nếu bạn từ bỏ hàng hóa gói, Shopee và TOPK sẽ ghi lại vào ứng dụng thông tin của bạn.  Cảm ơn sự hợp tác và hiểu biết của bạn】</span></p><p><br></p><p><span style=\"color: rgba(0, 0, 0, 0.8);\"> Chào mừng bạn đến với Shopee Mall - TOPK Official Flagship Store</span></p><p><span style=\"color: rgba(0, 0, 0, 0.8);\"> TOPK đã giành được siêu giải thưởng Thương hiệu có ảnh hưởng nhất năm 2020 tại thị trường Đông Nam Á.  TOPK chuyên về các sản phẩm điện tử tiêu dùng, hầu hết các phụ kiện điện thoại.</span></p><p><span style=\"color: rgba(0, 0, 0, 0.8);\"> Mặt hàng này luôn có sẵn và hoan nghênh bạn đặt hàng.</span></p><p><span style=\"color: rgba(0, 0, 0, 0.8);\"> ❤Gửi trung bình trong vòng 24 GIỜ vào WORKDAYS!</span></p><p><span style=\"color: rgba(0, 0, 0, 0.8);\"> Nếu bạn có bất kỳ câu hỏi nào hoặc gặp bất kỳ vấn đề nào về sản phẩm,</span></p><p><span style=\"color: rgba(0, 0, 0, 0.8);\"> ✅Xin vui lòng liên hệ với chúng tôi.  Chúng tôi sẽ chân thành giúp bạn với các vấn đề.</span></p><p><span style=\"color: rgba(0, 0, 0, 0.8);\"> ❌Một đánh giá tiêu cực sẽ KHÔNG giúp giải quyết các vấn đề.</span></p><p><span style=\"color: rgba(0, 0, 0, 0.8);\"> Đánh giá cao đánh giá 5 sao của bạn.  Chúng tôi sẽ tiếp tục cải thiện sản phẩm của mình và cung cấp dịch vụ tốt hơn cho bạn.</span></p><p><br></p><p><span style=\"color: rgba(0, 0, 0, 0.8);\">  Thông tin chi tiết: </span></p><p><span style=\"color: rgba(0, 0, 0, 0.8);\">  Tên sản phẩm: Dây cột cáp TOPK J01 </span></p><p><span style=\"color: rgba(0, 0, 0, 0.8);\">  Chiều rộng: xấp xỉ 1,2cm</span></p><p><span style=\"color: rgba(0, 0, 0, 0.8);\">  Chiều dài: 5 M</span></p><p><span style=\"color: rgba(0, 0, 0, 0.8);\">  Chất liệu: nylon</span></p><p><span style=\"color: rgba(0, 0, 0, 0.8);\">  Màu sắc: đen</span></p><p><span style=\"color: rgba(0, 0, 0, 0.8);\">  </span></p><p><span style=\"color: rgba(0, 0, 0, 0.8);\">  Đặc điểm: </span></p><p><span style=\"color: rgba(0, 0, 0, 0.8);\">  MIẾNG DÁN NYLON CHẮC CHẮN - dây được làm từ chất liệu nylon tốt, với chất liệu băng dán ở một mặt và chất liệu băng để dán ở mặt kia.</span></p><p><span style=\"color: rgba(0, 0, 0, 0.8);\">  CẮT TÙY Ý- Đai quấn và dán có thể được cắt các độ dài khác nhau mà bạn cần, thích hợp cho việc tái sử dụng.</span></p><p><span style=\"color: rgba(0, 0, 0, 0.8);\">  SỬ DỤNG ĐA CHỨC NĂNG - Dây buộc cáp TOPK có thiết kế đơn giản và cách sắp xếp kinh tế, quản lý và đựng dây cho máy tính, cáp dữ liệu, dây loa và mic và dây nối điện tử. Phù hợp để giữ mọi thứ theo thứ tự</span></p><p><span style=\"color: rgba(0, 0, 0, 0.8);\">  </span></p><p><span style=\"color: rgba(0, 0, 0, 0.8);\">  • Gói hàng bao gồm: 1 x dây cột cáp</span></p><p><span style=\"color: rgba(0, 0, 0, 0.8);\">  </span></p><p><span style=\"color: rgba(0, 0, 0, 0.8);\">  </span></p><p><span style=\"color: rgba(0, 0, 0, 0.8);\">  Nếu bạn có bất kỳ câu hỏi nào về sản phẩm và đơn đặt hàng, vui lòng liên hệ với chúng tôi, chúng tôi sẽ trả lời và giúp bạn trong thời gian ngắn nhất.</span></p>',1,1000,25000,10,'Còn hàng','Dây cột cáp TOPK J01.jpg',57,1,9,2),(32,'Đế đỡ TOPK L16','<p>Thời gian giao hàng dự kiến cho sản phẩm này là 7-9 ngày</p><p>  【Khách Hàng thân mến, vui lòng suy nghĩ kỹ trước khi chọn COD.  Nếu bạn bỏ gói hàng, Shopee và TOPK sẽ ghi lại ứng dụng thông tin của bạn.  Cảm ơn bạn đã hợp tác và thông cảm】</p><p><br></p><p> Chào mừng bạn đến với Shopee Mall - Cửa hàng hàng đầu chính thức của TOPK</p><p> Topk đã giành được giải thưởng thương hiệu hiệu quả nhất vào năm 2020 tại thị trường Đông Nam Á.  Topk chuyên về các sản phẩm điện tử tiêu dùng, hầu hết các phụ kiện điện thoại.</p><p> Mặt hàng này luôn có sẵn và chào mừng bạn đến đặt hàng.</p><p> ❤Gửi trung bình trong vòng 24 GIỜ đến THỨ SÁU!</p><p> Nếu bạn có bất kỳ câu hỏi nào hoặc có bất kỳ vấn đề gì với sản phẩm,</p><p> ✅Xin cứ thoải mái liên lạc với chúng tôi.  Chúng tôi sẽ chân thành giúp bạn về các vấn đề.</p><p> ❌Một đánh giá tiêu cực sẽ KHÔNG giúp giải quyết các vấn đề.</p><p> Đánh giá cao xếp hạng 5 sao của bạn.  Chúng tôi sẽ tiếp tục cải thiện sản phẩm của mình và cung cấp dịch vụ tốt hơn cho bạn.</p><p><br></p><p>  1 GIẢI PHÁP HIỆU QUẢ CHO CÁP VỆ SINH - Thiết kế âm thanh nhẹ với 3 khe cắm, cho phép bạn xếp 3 dây cáp bằng một kẹp cáp, tương thích với cáp có đường 5 mm trở xuống kính, cáp âm thanh, cáp máy tính, âm thanh Dây cáp, dây tai nghe xoắn và các loại cáp khác.</p><p>  2 · CHẤT LIỆU RẮN - Được làm bằng chất liệu silicone bền thay vì nhựa, kẹp TOPK chắc chắn hơn để giữ nhiều dây cáp cùng một lúc và duy trì độ đàn hồi tốt.</p><p>  3 · DỄ DÀNG ÁP DỤNG TRÊN BỀ MẶT - Dán trên tất cả các bề mặt, nhựa, gỗ, thủy tinh, v.v. và dễ dàng lấy đến nơi bạn muốn. </p><p>  4 · KEO TỐT - Dễ dàng sử dụng mặt sau tự dính cho phép bạn bóc và dán lên bề mặt mong muốn khi cần.</p><p>  5 · KHÔNG CÓ NỘI DUNG - Đặt cáp và cáp của bạn nhanh chóng và dễ dàng trong kẹp để đảm bảo nó không bị rối nữa. Bằng cách này, bạn có thể giữ cho chúng ngăn nắp.</p><p>  #Người tổ chức #Cáp</p><p><span style=\"color: rgba(0, 0, 0, 0.8);\"><img src=\"https://cf.shopee.vn/file/d64b87376c8bf04e3de1b1dd4f22daa5\"></span></p><p><span style=\"color: rgba(0, 0, 0, 0.8);\"><img src=\"https://cf.shopee.vn/file/982a53afbd52f250034641cbb7d3e34b\"></span></p><p><span style=\"color: rgba(0, 0, 0, 0.8);\"><img src=\"https://cf.shopee.vn/file/493fc03f17476af013974a5681adf3fd\"></span></p><p><span style=\"color: rgba(0, 0, 0, 0.8);\"><img src=\"https://cf.shopee.vn/file/c7e29fe8a2bcdb67074f38605f4ad6f5\"></span></p><p><span style=\"color: rgba(0, 0, 0, 0.8);\"><img src=\"https://cf.shopee.vn/file/f5644250b36ab89fc86e7dfe725ab9e2\"></span></p><p><span style=\"color: rgba(0, 0, 0, 0.8);\"><img src=\"https://cf.shopee.vn/file/426a198e1dbe6afac7ab07a8976bccba\"></span></p><p><span style=\"color: rgba(0, 0, 0, 0.8);\"><img src=\"https://cf.shopee.vn/file/2a8a38e54c1dda75a13e0becd8b43930\"></span></p>',1,1000,25000,10,'Còn hàng','Đế đỡ TOPK L16.jpg',57,1,9,2),(33,'TOPK Cáp Sạc Nhanh AN15 3A','<p>Thời gian giao hàng dự kiến cho sản phẩm này là 7-9 ngày</p><p><br></p><p>【Khách Hàng thân mến, vui lòng suy nghĩ kỹ trước khi chọn COD.  Nếu bạn bỏ gói hàng, Shopee và TOPK sẽ ghi lại trong ứng dụng thông tin của bạn.  Cảm ơn bạn đã hợp tác và thông cảm】</p><p>【Lưu Ý: Cáp này không hỗ trợ Samsung A50 / A51】 </p><p><br></p><p> Chào mừng bạn đến với Shopee Mall - Cửa hàng chính hãng TOPK</p><p> Topk đã giành được giải thưởng thương hiệu hiệu quả nhất vào năm 2020 tại thị trường Đông Nam Á.  Topk chuyên về các sản phẩm điện tử tiêu dùng, hầu hết các phụ kiện điện thoại.</p><p> Mặt hàng này luôn có sẵn và chào mừng bạn đến đặt hàng.</p><p> Nếu bạn có bất kỳ câu hỏi nào hoặc có bất kỳ vấn đề gì với sản phẩm,</p><p> ✅Xin cứ thoải mái liên lạc với chúng tôi.  Chúng tôi sẽ tận tình giúp bạn giải quyết vấn đề.</p><p> ❌Một đánh giá tiêu cực sẽ KHÔNG giúp giải quyết vấn đề.</p><p> Hy vọng sẽ nhận được đánh giá 5 sao của bạn.  Chúng tôi sẽ tiếp tục cải thiện sản phẩm của mình và cung cấp cho bạn dịch vụ tốt hơn.</p><p><br></p><p>Thông số kỹ thuật:</p><p>Tên: Cáp sạc nhanh AN15 3A QC3.0</p><p>Màu: Xám đậm, Đỏ</p><p>Chiều dài: 1m, 2m</p><p>Đầu ra: Type-C: 3A Max / Micro: 2.4A Max / 8-Pin: 2.1A Max</p><p>Chức năng: PD 60W + truyền dữ liệu 480Mbps</p><p>Chất liệu: Hợp kim nhôm + dây nylon bện</p><p>Tốc độ truyền: 480Mbps</p><p>Chứng nhận: FCC, CE, ROSH</p><p><br></p><p>Đặc điểm: </p><p>【Sạc Và đồng bộ hóa nhanh 2.1AA】: Sạc nhanh 2.1A, tốc độ truyền có thể đạt 40~60MB / S (480Mbps), tốc độ cáp TOPK USB C tăng tốc tốc độ sạc bằng cách cung cấp nguồn sạc 5v / 2.1A an toàn</p><p>【Chứng Nhận an toàn &amp; Đảm bảo chất lượng cao】: Cáp USB TOPK có chứng chỉ an toàn điện tử tuân thủ các tiêu chuẩn phù hợp, bạn không cần phải lo lắng về chất lượng cáp này. Đầu nối nhôm 3D được nâng cấp với công nghệ hàn laser độc quyền, có thể đảm bảo phần kim loại không bị vỡ.</p><p>【Tăng Độ bền】: Sợi chắc chắn nhất, linh hoạt nhất, bền và chắc chắn, giúp lực kéo tăng 200%. Có thể chịu được thử nghiệm uốn cong 10000+. Vỏ nhôm cao cấp giúp dây cáp bền hơn, cáp bện nylon loại c tăng thêm độ bền và không bị rối.</p><p>【Đảm Bảo]: Tất cả các sản phẩm TOPK đi kèm với đảm bảo sự hài lòng 100%. Nếu vì bất kỳ lý do gì mà bạn không hài lòng với sản phẩm của mình, chúng tôi rất vui khi xử lý nó một cách thỏa đáng cho bạn.</p><p><br></p><p>Gói hàng bao gồm:</p><p>☀ 1 * AN15 2.1A cáp sạc nhanh từ tính</p><p>  </p><p> Cảm ơn bạn đã đặt hàng. Chúng tôi sẽ kiểm tra sản phẩm để đảm bảo chất lượng trước khi giao hàng. Hy vọng bạn sẽ nhận được hàng sớm</p>',1,1000,59000,10,'Còn hàng','TOPK Cáp Sạc Nhanh AN15 3A.jpg',57,1,9,2),(34,'Cáp Sạc Nhanh TOPK Cổng Micro USB Type-C Có Màn Hình Hiển Thị Điện Áp','<p>1.Về chức năng sạc nhanh: cáp có thể hỗ trợ sạc tốc độ nhanh. Nhưng nó thường cần đáp ứng 2 điều kiện. đầu ra, Công suất đầu ra của Bộ đổi nguồn có thể hỗ trợ sạc nhanh; thứ hai, Nó phụ thuộc vào xem điện thoại di động của khách hàng có thể hỗ trợ sạc tốc độ nhanh hay không. </p><p>2.Thiết kế đặc biệt: Điện áp USB 1m loại C và cáp hiển thị dòng điện cho phép bạn xem rõ hơn điện áp đầu ra và dòng điện của bộ chuyển đổi có khớp với thiết bị của bạn hay không, để đảm bảo mọi thứ đều bình thường.</p><p>3.Độ bền đáng kinh ngạc: Cáp bện Nylon, chu kỳ lên đến 10850 bằng cách kiểm tra chuyên nghiệp, sử dụng nâng dài hơn 3,5 lần so với cáp tiêu chuẩn.</p><p>4.Sạc nhanh &amp; Khả năng tương thích siêu: Dòng sạc tối đa lên đến 3A. Tương thích với hầu hết các điện thoại cổng micro và điện thoại Windows, máy tính bảng và nhiều thiết bị cổng micro khác. Bao gồm: Đối với iph Xs Max Xr 8 7 6 6S Plus 5 5s se cáp / Cho Samsung Galaxy S8 S8 + S7 S6 Note 9 8 7 6 / Đối với xiaomi mi 6/5/4 Redmi 5 Cộng với 4X 4a 5a note / Nexus / HTC / Motorola / Nokia / LG / Sony / Blackberry / PS4 / Xbox / PS Vita / thiết bị Nintendo DS / GPS.</p><p>5.Đồng bộ hóa dữ liệu tốc độ cao: Lý tưởng để kết nối các thiết bị ngoại vi PC như ổ cứng, điện thoại và hơn thế nữa, Hỗ trợ tốc độ truyền 480 Mbps nói rằng băng thông truyền tối đa là 60MB / s.</p>',1,1000,159000,10,'Còn hàng','Cáp Sạc Nhanh TOPK Cổng Micro USB Type-C Có Màn Hình Hiển Thị Điện Áp.jpg',57,1,9,2),(35,'Dây Cáp Sạc Nhanh 60W TOPK AC10','<p>【LƯU Ý trước khi mua】: Đây là cáp USB-C sang USB-C, có nghĩa là nó có cùng đầu cắm USB C ở cả hai đầu, vui lòng lưu ý rằng đây không phải là cáp USB-C sang USB-A. Bên cạnh đó, bạn có thể cần sạc tường USB C để sạc thiết bị của mình.</p><p>【Sạc Và Đồng bộ hóa tốc độ cao】: Cáp USB C ở cả hai đầu cho phép bạn sạc hoặc đồng bộ giữa hai thiết bị hỗ trợ USB Type-C. Công suất đầu ra lên đến 20V, 3 Amp, được đảm bảo bằng sạc an toàn tốc độ cao. Usb 2.0 hỗ trợ tốc độ truyền dữ liệu lên đến 480Mbps</p><p>【Chất Liệu sản phẩm】: Nhôm + TPE + Dây bện Nylon</p><p>【Danh Sách khả năng tương thích】:</p><p>1. Usb Loại C cho Samsung Galaxy S9 Note 8 S8 Plus, Google PixTương thích,</p><p>2.Cáp USB C cho Huawei Mate 20 Pro P20 P10, Đối với Xiaomi mi8 6 Mix 2 Model tương thích </p><p>3.Đối với Google Nexus 5X / 6P, Pixel 2/2 XL, Pixel / Pixel XL, Mẫu tương thích Pixel </p><p>4.Đối với Pad Pro Macbook 2017 2018 Macbook Pro Chromebook</p><p><br></p><p>【Chức Năng cáp】: Chức năng cáp: Sạc nhanh 3A PD &amp; Truyền dữ liệu nhanh</p>',1,1000,159000,10,'Còn hàng','Dây Cáp Sạc Nhanh 60W TOPK AC10.jpg',57,1,9,2),(36,'Cáp Sạc TOPK AN46 TPE ','<p>Thời gian khổng lồ giao thông tin dự kiến cho cho cho người mua vui vẻ 7-9 ngày</p><p><br></p><p>【Lời Khuyên: Cáp này không hỗ trợ Samsung A50 / A51】</p><p>Chào mừng bạn đến với Shopee Mall - Cửa hàng hàng đầu chính thức của TOPK</p><p>Mặt hàng này là KHO SN SÀNG. Nó CÓ SN và chào mừng bạn đến đặt hàng.</p><p>❤Gửi đi trong vòng 24 GIỜ trung bình vào CÁC NGÀY LÀM VIỆC!</p><p>Nếu bạn có bất kỳ câu hỏi nào, hoặc đáp ứng bất kỳ vấn đề nào về sản phẩm,</p><p>✅Vui lòng LIÊN HỆ VỚI CHÚNG TÔI. Chúng tôi sẽ chân thành giúp bạn về các vấn đề.</p><p>❌Một đánh giá tiêu cực sẽ KHÔNG giúp giải quyết các vấn đề.</p><p>Đánh giá cao cho đánh giá 5 sao của bạn. Chúng tôi sẽ tiếp tục cải thiện sản phẩm của mình và cung cấp dịch vụ tốt hơn cho bạn.</p><p><br></p><p>Thông tin chi tiết:</p><p>☀ Tên: Cáp Silicone lỏng AN46</p><p>☀ Màu sắc: xanh lá cây</p><p>☀ Chiều dài: 1 triệu</p><p>☀Sạc nhanh: CÓ</p><p>☀Truyền dữ liệu: CÓ</p><p>☀ Chất liệu: TPE Silicone lỏng</p><p><br></p><p>Đặc điểm:</p><p>☀Chất liệu cao cấp: dây đồng chất lượng cao cung cấp đường truyền dòng điện an toàn và ổn định hơn. Tiêu chuẩn xuất khẩu silicone lỏng, sờ vào lụa mịn như sữa. Da trẻ em cảm giác siêu mịn.</p><p>☀Sạc nhanh: Tốc độ truyền lên đến 480Mbps.25 giây truyền tài liệu 1G.</p><p>☀Linh hoạt: Tăng cường và khả năng xuyên qua sr bền. Quá trình ép phun một lớp, kết nối liền mạch, tuổi thọ lâu dài, không sợ nóng hoặc lạnh, độ đàn hồi vẫn tốt.</p><p>☀ Đầu nối Micro USB: Đây là một lựa chọn tuyệt vời để sạc, đồng bộ và truyền tải. Được sử dụng trong văn phòng / nhà / du lịch, nó có thể nhanh chóng sạc thiết bị.</p><p>☀ Khả năng tương thích: Phổ biến, phù hợp với hầu hết các điện thoại thông minh Android có giao diện usb c / micro.</p><p><br></p><p>Ghi chú:</p><p>Vui lòng chọn giao diện chính xác Micro USB theo </p><p>Do màn hình và hiệu ứng ánh sáng khác nhau, màu sắc thực tế có thể hơi khác so với màu hình ảnh.</p><p>Đặc điểm:</p><p>Màu sắc thời trang: đơn giản và đẹp.</p><p>Kết nối SR: an toàn và chống mài mòn, không dễ vỡ.</p><p>Điều thực tế: dây lõi đồng dày chất lượng cao, điện trở thấp hơn, truyền dòng điện nhanh hơn và an toàn hơn.</p><p> </p><p>Tương thích:</p><p>☀ Cáp Micro cho tất cả các thiết bị Micro (Android): Chẳng hạn như Samsung Galaxy S7 / S6 Edge / S5 / S4, Máy tính bảng / Tab Samsung, Bộ điều khiển Xbox One, Bộ điều khiển PS4, Điện thoại Windows, Huawei Honor 7X / 6X, Motorola, LG, Google Nexus, Blackberry, Sony, HTC, Nokia, ZTE, Blackberry, bàn phím không dây và nhiều thiết bị giao diện micro.</p><p>☀ Cáp loại C cho tất cả các thiết bị loại C: C chẳng hạn như Samsung Galaxy Note 8, Samsung Galaxy S8, S8 Plus, LG V30 V20 G6 G5, Macbook, OnePlus 3T 2, Nexus 5X / 6P, Google Pixel, Moto Z2 Play, Lumia 950, Nintendo Switch và các thiết bị giao diện loại c khác.</p><p>☀ 8 chân / Cáp cho hầu hết các thiết bị iPh: Chẳng hạn như iPh 5 / 5s / 6 / 6s / 6 plus / 7/7 plus / SE / 8/8 plus / X / XS / XS max / XR / 11/11 pro / 11 pro max và các thiết bị khác Thiết bị giao diện lightning.</p><p><br></p><p>Gói hàng bao gồm:</p><p>☀ 1 * AN46 Cáp sạc nhanh bền 1m</p><p><br></p><p>Vận chuyển:</p><p>☀ Đối với việc chuẩn bị của người bán: trong vòng 24 giờ;</p><p>☀ Đối với giao hàng: trong vòng 5-15 ngày trung bình;</p><p><br></p><p>Cảm ơn bạn đã đặt hàng. Chúng tôi sẽ kiểm tra các sản phẩm để đảm bảo chúng ở trong tình trạng tốt và hoạt động hoàn hảo trước khi giao hàng. Hy vọng bạn sẽ nhận được bưu kiện sớm.</p>',1,1000,59000,10,'Còn hàng','Cáp Sạc TOPK AN46 TPE.jpg',57,1,9,2),(37,'Chậu Nhựa Rửa Đồ ','<p><span style=\"color: rgba(0, 0, 0, 0.8);\">ICHIHOME - GIA DỤNG THÔNG MINH xin giới thiệu đến khách hàng:</span></p><p><br></p><p><span style=\"color: rgba(0, 0, 0, 0.8);\">*Sản Phẩm: Chậu Nhựa Rửa Đồ Chậu Nhựa Giặt Đồ Dùng Trong Nhà Tắm Chậu Nhựa Tắm Cho Em Bé</span></p><p><span style=\"color: rgba(0, 0, 0, 0.8);\">----------------------------------</span></p><p><br></p><p><span style=\"color: rgba(0, 0, 0, 0.8);\">**Thông tin chi tiết về sản phẩm: </span></p><p><span style=\"color: rgba(0, 0, 0, 0.8);\"> -- Kích Thước: Chậu Size Nhỏ R21xD31xC10.5 cm Khối Lượng: 100g</span></p><p><span style=\"color: rgba(0, 0, 0, 0.8);\">                          Chậu Size Lớn R25xD35xD12 cm  Khối Lượng : 150g</span></p><p><span style=\"color: rgba(0, 0, 0, 0.8);\">-- Chất Liệu: Nhựa PP cao cấp chống thấm nước, độ bền cao.</span></p><p><span style=\"color: rgba(0, 0, 0, 0.8);\">-- Với thiết kế bắt mắt của sản phẩm, khi sử dụng giúp không gian phòng tắm trở nên sang trọng hơn</span></p><p><span style=\"color: rgba(0, 0, 0, 0.8);\">-- Sử dụng trong việc rửa đồ, giặt giũ quần áo, cho em bé tắm tiện lợi chắc chắn với độ bền cao</span></p><p><span style=\"color: rgba(0, 0, 0, 0.8);\">** ICHIHOME cam kết với khách hàng về sản phẩm Chậu Nhựa Rửa Đồ Chậu Nhựa Giặt Đồ Dùng Trong Nhà Tắm Chậu Nhựa Tắm Cho Em Bé</span></p><p><span style=\"color: rgba(0, 0, 0, 0.8);\">--------------------------------------------</span></p><p><span style=\"color: rgba(0, 0, 0, 0.8);\">  - Sản phẩm 100% giống mô tả</span></p><p><span style=\"color: rgba(0, 0, 0, 0.8);\">  - Đảm bảo chất lượng, dịch vụ tốt nhất, hàng được giao từ 1-5 ngày kể từ ngày đặt hàng</span></p><p><span style=\"color: rgba(0, 0, 0, 0.8);\">  - Giao hàng trên toàn quốc theo hình thức COD hoặc qua ví Airpay</span></p><p><span style=\"color: rgba(0, 0, 0, 0.8);\">  - Đổi trả theo đúng quy định của Shopee:</span></p><p><span style=\"color: rgba(0, 0, 0, 0.8);\">1. Điều kiện áp dụng (trong vòng 07 ngày kể từ khi nhận sản phẩm):</span></p><p><span style=\"color: rgba(0, 0, 0, 0.8);\">  - Hàng hoá vẫn còn mới, chưa qua sử dụng</span></p><p><span style=\"color: rgba(0, 0, 0, 0.8);\">  - Hàng hóa hư hỏng do vận chuyển hoặc do nhà sản xuất.</span></p><p><span style=\"color: rgba(0, 0, 0, 0.8);\">2. Trường hợp được chấp nhận:</span></p><p><span style=\"color: rgba(0, 0, 0, 0.8);\">  - Hàng không đúng chủng loại, mẫu mã như quý khách đặt hàng</span></p><p><span style=\"color: rgba(0, 0, 0, 0.8);\">  - Không đủ số lượng, không đủ bộ như trong đơn hàng</span></p>',1,100,30000,10,'Còn hàng','Chậu Nhựa Rửa Đồ.jpg',2,1,10,1),(38,'Máy Xay Đa Năng OSAKA ','<p><span style=\"color: rgba(0, 0, 0, 0.8);\">ICHIHOME - GIA DỤNG THÔNG MINH xin giới thiệu đến khách hàng:</span></p><p><br></p><p><span style=\"color: rgba(0, 0, 0, 0.8);\">*Sản Phẩm:Máy Xay Đa Năng OSAKA Cao Cấp 4 Lưỡi Dao Thép Không Gỉ, Bình Xay Thủy Tinh, Công Suất 300W</span></p><p><span style=\"color: rgba(0, 0, 0, 0.8);\">--------------------------------------------</span></p><p><br></p><p><span style=\"color: rgba(0, 0, 0, 0.8);\">**Thông tin chi tiết sản phẩm:</span></p><p><span style=\"color: rgba(0, 0, 0, 0.8);\">--------------------------------------------</span></p><p><span style=\"color: rgba(0, 0, 0, 0.8);\">  - Kích Thước: 18.5x18.3x8.3cm, Khối Lượng:1kg rất tiện lợi mang theo bên người.</span></p><p><span style=\"color: rgba(0, 0, 0, 0.8);\">  - Kết hợp 4 động cơ điện với 4 lưỡi dao thép không gỉ tạo nên công suất cao tối đa lến đến 300W.</span></p><p><span style=\"color: rgba(0, 0, 0, 0.8);\">  - Cối thiết kế bằng thép không gì chắc chắn an toàn với thực phẩm</span></p><p><span style=\"color: rgba(0, 0, 0, 0.8);\">  - Thiết kế sang trọng đẹp mắt rất gọn sử dụng để xay các loại thực phẩm khác nhau.</span></p><p><span style=\"color: rgba(0, 0, 0, 0.8);\">  </span></p><p><span style=\"color: rgba(0, 0, 0, 0.8);\">**Công dụng nổi trội của sản phẩm Máy Xay Đa Năng OSAKA Cao Cấp 4 Lưỡi Dao Thép Không Gỉ, Bình Xay Thủy Tinh, Công Suất 300W:</span></p><p><span style=\"color: rgba(0, 0, 0, 0.8);\">--------------------------------------------</span></p><p><span style=\"color: rgba(0, 0, 0, 0.8);\">  - Sử dụng lưỡi dao cắt là thép không gỉ, thân cong giúp việc xay trở nên nhanh và dễ dàng hơn, mang lại hương vị nguyên bản của thịt, thực phẩm.</span></p><p><span style=\"color: rgba(0, 0, 0, 0.8);\">  - Công suất cao và dung lượng pin tốt nên tiết kiệm thời gian xay và tăng thời gian sử dụng máy xay, mang lại hiệu quả tối đa cho người dùng</span></p><p><span style=\"color: rgba(0, 0, 0, 0.8);\">** ICHIHOME cam kết với khách hàng về sản phẩm Máy Xay Thịt Cầm Tay Cối Inox Không Gỉ Dung Tích 2L, 4 Lưỡi Dao Đa Năng:</span></p><p><span style=\"color: rgba(0, 0, 0, 0.8);\">--------------------------------------------</span></p><p><span style=\"color: rgba(0, 0, 0, 0.8);\">  - Sản phẩm 100% giống mô tả</span></p><p><span style=\"color: rgba(0, 0, 0, 0.8);\">  - Đảm bảo chất lượng, dịch vụ tốt nhất, hàng được giao từ 1-5 ngày kể từ ngày đặt hàng</span></p><p><span style=\"color: rgba(0, 0, 0, 0.8);\">  - Giao hàng trên toàn quốc theo hình thức COD hoặc qua ví Airpay</span></p><p><span style=\"color: rgba(0, 0, 0, 0.8);\">  - Đổi trả theo đúng quy định của Shopee:</span></p><p><span style=\"color: rgba(0, 0, 0, 0.8);\">1. Điều kiện áp dụng (trong vòng 07 ngày kể từ khi nhận sản phẩm):</span></p><p><span style=\"color: rgba(0, 0, 0, 0.8);\">  - Hàng hoá vẫn còn mới, chưa qua sử dụng</span></p><p><span style=\"color: rgba(0, 0, 0, 0.8);\">  - Hàng hóa hư hỏng do vận chuyển hoặc do nhà sản xuất.</span></p><p><span style=\"color: rgba(0, 0, 0, 0.8);\">2. Trường hợp được chấp nhận:</span></p><p><span style=\"color: rgba(0, 0, 0, 0.8);\">  - Hàng không đúng chủng loại, mẫu mã như quý khách đặt hàng</span></p><p><span style=\"color: rgba(0, 0, 0, 0.8);\">  - Không đủ số lượng, không đủ bộ như trong đơn hàng</span></p><p><br></p><p><span style=\"color: rgba(0, 0, 0, 0.8);\">ICHIHOME bảo hành 12 tháng cho sản phẩm  Máy Xay Sinh Tố Cầm Tay Mini Đa Năng Cao Cấp JUICER.</span></p>',1,100,300000,10,'Còn hàng','Chậu Nhựa Rửa Đồ.jpg',2,1,10,1),(39,'Máy Bắt Muỗi Thông Minh','<p><span style=\"color: rgba(0, 0, 0, 0.8);\">ICHIHOME - GIA DỤNG THÔNG MINH xin giới thiệu đến khách hàng:</span></p><p><br></p><p><span style=\"color: rgba(0, 0, 0, 0.8);\">*Sản Phẩm: Máy Bắt Muỗi Thông Minh, Đèn Bắt Muỗi Điện Quang Cao Cấp</span></p><p><span style=\"color: rgba(0, 0, 0, 0.8);\">--------------------------------------------</span></p><p><br></p><p><span style=\"color: rgba(0, 0, 0, 0.8);\">**Thông tin chi tiết sản phẩm Máy Bắt Muỗi Thông Minh, Đèn Bắt Muỗi Điện Quang:</span></p><p><span style=\"color: rgba(0, 0, 0, 0.8);\">--------------------------------------------</span></p><p><span style=\"color: rgba(0, 0, 0, 0.8);\"> - Kích Thước: R13*R13*C22 cm, Khối Lượng: 480g, tiện gọn dễ cầm nắm di chuyển.</span></p><p><span style=\"color: rgba(0, 0, 0, 0.8);\"> - Sử dụng Quang Điện để tiêu diệt muỗi</span></p><p><span style=\"color: rgba(0, 0, 0, 0.8);\"> - Sử dụng cổng sạc USB dây nguồn dài 118cm.</span></p><p><span style=\"color: rgba(0, 0, 0, 0.8);\"> - Công suất: 5W.</span></p><p><br></p><p><span style=\"color: rgba(0, 0, 0, 0.8);\">** Những điểm nổi bật của Máy Bắt Muỗi Thông Minh, Đèn Bắt Muỗi Điện Quang:</span></p><p><span style=\"color: rgba(0, 0, 0, 0.8);\">--------------------------------------------</span></p><p><span style=\"color: rgba(0, 0, 0, 0.8);\"> - Hệ thống bẫy sóng ánh sáng, bẫy muỗi vật lý, lực hút mạnh, âm trần.</span></p><p><span style=\"color: rgba(0, 0, 0, 0.8);\"> - Sử dụng điện quang để diệt muỗi cực kỳ an toàn với con người.</span></p><p><span style=\"color: rgba(0, 0, 0, 0.8);\">** ICHIHOME cam kết với khách hàng về sản phẩm Máy Bắt Muỗi Thông Minh, Đèn Bắt Muỗi Điện Quang:</span></p><p><span style=\"color: rgba(0, 0, 0, 0.8);\">--------------------------------------------</span></p><p><span style=\"color: rgba(0, 0, 0, 0.8);\">  - Sản phẩm 100% giống mô tả</span></p><p><span style=\"color: rgba(0, 0, 0, 0.8);\">  - Đảm bảo chất lượng, dịch vụ tốt nhất, hàng được giao từ 1-5 ngày kể từ ngày đặt hàng</span></p><p><span style=\"color: rgba(0, 0, 0, 0.8);\">  - Giao hàng trên toàn quốc theo hình thức COD hoặc qua ví Airpay</span></p><p><span style=\"color: rgba(0, 0, 0, 0.8);\">  - Đổi trả theo đúng quy định của Shopee:</span></p><p><span style=\"color: rgba(0, 0, 0, 0.8);\">1. Điều kiện áp dụng (trong vòng 07 ngày kể từ khi nhận sản phẩm):</span></p><p><span style=\"color: rgba(0, 0, 0, 0.8);\">  - Hàng hoá vẫn còn mới, chưa qua sử dụng</span></p><p><span style=\"color: rgba(0, 0, 0, 0.8);\">  - Hàng hóa hư hỏng do vận chuyển hoặc do nhà sản xuất.</span></p><p><span style=\"color: rgba(0, 0, 0, 0.8);\">2. Trường hợp được chấp nhận:</span></p><p><span style=\"color: rgba(0, 0, 0, 0.8);\">  - Hàng không đúng chủng loại, mẫu mã như quý khách đặt hàng</span></p><p><span style=\"color: rgba(0, 0, 0, 0.8);\">  - Không đủ số lượng, không đủ bộ như trong đơn hàng</span></p><p><br></p><p><span style=\"color: rgba(0, 0, 0, 0.8);\">ICHIHOME bảo hành 12 tháng cho sản phẩm Máy Bắt Muỗi Thông Minh, Đèn Bắt Muỗi Điện Quang.</span></p>',1,1000,59000,10,'Còn hàng','Máy Bắt Muỗi Thông Minh.jpg',2,1,10,1),(40,'Máy Sấy Tóc HAIR DRYER','<p><span style=\"color: rgba(0, 0, 0, 0.8);\">ICHIHOME - GIA DỤNG THÔNG MINH xin giới thiệu đến khách hàng:</span></p><p><span style=\"color: rgba(0, 0, 0, 0.8);\">------------------------------</span></p><p><span style=\"color: rgba(0, 0, 0, 0.8);\">*Sản Phẩm: Máy Sấy Tóc HAIR DRYER Chuẩn Salon Tạo Kiểu Chuyên Nghiệp 1300W Có Dây Điện Dài 2m</span></p><p><span style=\"color: rgba(0, 0, 0, 0.8);\">-------------------------------</span></p><p><span style=\"color: rgba(0, 0, 0, 0.8);\">** Thông số chi tiết về sản phẩm:</span></p><p><span style=\"color: rgba(0, 0, 0, 0.8);\">-- Kích Thước: R8xD14xC21.2 cm Trọng Lượng: 400g</span></p><p><span style=\"color: rgba(0, 0, 0, 0.8);\">-- Máy sấy có 3 nấc chỉnh gió</span></p><p><span style=\"color: rgba(0, 0, 0, 0.8);\">-- Màu sắc kiểu dáng sang chảnh nhỏ gọn chứ không như mấy máy sấy thông thường to cồng kềnh</span></p><p><span style=\"color: rgba(0, 0, 0, 0.8);\">-- Công suất #1500W</span></p><p><span style=\"color: rgba(0, 0, 0, 0.8);\">-- Thiết kể vỏ hiện đại chống giật, dây cắm dài, đầu sấy nhỏ gọn</span></p><p><span style=\"color: rgba(0, 0, 0, 0.8);\">-- Sản Phầm phù hợp cho dùng trong gia đình, salon tóc nhỏ</span></p><p><span style=\"color: rgba(0, 0, 0, 0.8);\">-- Sấy tóc mềm mượt không bị chẻ ngọn hay sơ tóc</span></p><p><br></p><p><span style=\"color: rgba(0, 0, 0, 0.8);\">** ICHIHOME cam kết với khách hàng về sản phẩm Máy Sấy Tóc HAIR DRYER Chuẩn Salon Tạo Kiểu Chuyên Nghiệp 1300W Có Dây Điện Dài 2m:</span></p><p><span style=\"color: rgba(0, 0, 0, 0.8);\">--------------------------------------------</span></p><p><span style=\"color: rgba(0, 0, 0, 0.8);\">  - Sản phẩm 100% giống mô tả</span></p><p><span style=\"color: rgba(0, 0, 0, 0.8);\">  - Đảm bảo chất lượng, dịch vụ tốt nhất, hàng được giao từ 1-5 ngày kể từ ngày đặt hàng</span></p><p><span style=\"color: rgba(0, 0, 0, 0.8);\">  - Giao hàng trên toàn quốc theo hình thức COD hoặc qua ví Airpay</span></p><p><span style=\"color: rgba(0, 0, 0, 0.8);\">  - Đổi trả theo đúng quy định của Shopee:</span></p><p><span style=\"color: rgba(0, 0, 0, 0.8);\">1. Điều kiện áp dụng (trong vòng 07 ngày kể từ khi nhận sản phẩm):</span></p><p><span style=\"color: rgba(0, 0, 0, 0.8);\">  - Hàng hoá vẫn còn mới, chưa qua sử dụng</span></p><p><span style=\"color: rgba(0, 0, 0, 0.8);\">  - Hàng hóa hư hỏng do vận chuyển hoặc do nhà sản xuất.</span></p><p><span style=\"color: rgba(0, 0, 0, 0.8);\">2. Trường hợp được chấp nhận:</span></p><p><span style=\"color: rgba(0, 0, 0, 0.8);\">  - Hàng không đúng chủng loại, mẫu mã như quý khách đặt hàng</span></p><p><span style=\"color: rgba(0, 0, 0, 0.8);\">  - Không đủ số lượng, không đủ bộ như trong đơn hàng</span></p>',1,1000,159000,10,'Còn hàng','Máy Sấy Tóc HAIR DRYER.jpg',2,1,10,1),(41,'Thùng Rác Thông Minh Cảm Ứng HOUSEWARE','<p><span style=\"color: rgba(0, 0, 0, 0.8);\">ICHIHOME - GIA DỤNG THÔNG MINH xin giới thiệu đến khách hàng:</span></p><p><br></p><p><span style=\"color: rgba(0, 0, 0, 0.8);\">*Thùng Rác Thông Minh Cảm Ứng HOUSEWARE Cao Cấp Tự Động Đóng Mở 16L 14L:</span></p><p><span style=\"color: rgba(0, 0, 0, 0.8);\">--------------------------------------------</span></p><p><br></p><p><span style=\"color: rgba(0, 0, 0, 0.8);\">**Thông tin chi tiết sản phẩm Thùng Rác Thông Minh Cảm Ứng Cao Cấp:</span></p><p><span style=\"color: rgba(0, 0, 0, 0.8);\">--------------------------------------------</span></p><p><span style=\"color: rgba(0, 0, 0, 0.8);\">  - Chế độ cảm ứng hồng ngoại, Chế độ cảm ứng thông minh</span></p><p><span style=\"color: rgba(0, 0, 0, 0.8);\">  -Thùng rác sức chứa 16L, Kích Thước: R20.5*D21.5*C31 cm, Khối Lượng: 0.8Kg, tiện gọn dễ cầm nắm di chuyển</span></p><p><span style=\"color: rgba(0, 0, 0, 0.8);\">  - Thùng rác sức chứa 14L, Kích Thước: R20.5*D21.5*C28 cm, Khối Lượng: 0.6Kg, tiện gọn dễ cầm nắm di chuyển</span></p><p><span style=\"color: rgba(0, 0, 0, 0.8);\">  - Thiết kế nút cảm ứng, Thiết kế chế độ chờ tiêu thụ điện năng thấp.</span></p><p><span style=\"color: rgba(0, 0, 0, 0.8);\">  - Chống thấm nước và va đập mạnh.</span></p><p><span style=\"color: rgba(0, 0, 0, 0.8);\">  - Chất Liệu : Nhựa PP Cao Cấp, Pin Litium Bền và An Toàn</span></p><p><span style=\"color: rgba(0, 0, 0, 0.8);\">  - Mẫu thiết kế đẹp mặt, hấp dẫn phù hợp cho những ngôi nhà hiện đại, những chung cư căn hộ cao cấp</span></p><p><br></p><p><span style=\"color: rgba(0, 0, 0, 0.8);\">** Những công dụng nổi bật của Thùng Rác Thông Minh Cảm Ứng Cao Cấp:</span></p><p><span style=\"color: rgba(0, 0, 0, 0.8);\">--------------------------------------------</span></p><p><span style=\"color: rgba(0, 0, 0, 0.8);\">    - Loại Tiêu Chuẩn: 2 Chế độ Tự Động Đóng Mở, Cảm Biến Chạm hoặc Ấn nút để mở</span></p><p><br></p><p><span style=\"color: rgba(0, 0, 0, 0.8);\">    - Loại Cao Cấp: 3 Chế Độ Tự Động Đóng Mở, </span></p><p><span style=\"color: rgba(0, 0, 0, 0.8);\">           +Ba chức năng cảm ứng:</span></p><p><span style=\"color: rgba(0, 0, 0, 0.8);\">               - Ấn nút</span></p><p><span style=\"color: rgba(0, 0, 0, 0.8);\">               - Cảm Biến Chạm và Cảm Biến Hồng Ngoại</span></p><p><span style=\"color: rgba(0, 0, 0, 0.8);\">               - Có Đèn UV Chiếu Sáng Từ Trong Thùng </span></p><p><span style=\"color: rgba(0, 0, 0, 0.8);\">  - Chế độ Khử Khuẩn an toàn, hiệu quả trong việc khử mùi và vi khuẩn.</span></p><p><span style=\"color: rgba(0, 0, 0, 0.8);\">  - Chống thấm nước IPX4 và va đập mạnh</span></p><p><span style=\"color: rgba(0, 0, 0, 0.8);\">  - Bộ phụ kiện dễ dàng thay thế với giá cả hợp lý.</span></p><p><span style=\"color: rgba(0, 0, 0, 0.8);\"> + Có hai loại pin: Loại Pin 3A lắp rời và Loại Sạc Gắn Liền Thùng Có Dây Sạc Đi Kèm.</span></p><p><br></p><p><span style=\"color: rgba(0, 0, 0, 0.8);\">** ICHIHOME cam kết với khách hàng về sản phẩm Thùng Rác Thông Minh Cảm Ứng HOUSEWARE Cao Cấp Tự Động Đóng Mở 16L 14L:</span></p><p><span style=\"color: rgba(0, 0, 0, 0.8);\">--------------------------------------------</span></p><p><span style=\"color: rgba(0, 0, 0, 0.8);\">  - Sản phẩm 100% giống mô tả</span></p><p><span style=\"color: rgba(0, 0, 0, 0.8);\">  - Đảm bảo chất lượng, dịch vụ tốt nhất, hàng được giao từ 1-5 ngày kể từ ngày đặt hàng</span></p><p><span style=\"color: rgba(0, 0, 0, 0.8);\">  - Giao hàng trên toàn quốc theo hình thức COD hoặc qua ví Airpay</span></p><p><span style=\"color: rgba(0, 0, 0, 0.8);\">  - Đổi trả theo đúng quy định của Shopee:</span></p><p><span style=\"color: rgba(0, 0, 0, 0.8);\">1. Điều kiện áp dụng (trong vòng 07 ngày kể từ khi nhận sản phẩm):</span></p><p><span style=\"color: rgba(0, 0, 0, 0.8);\">  - Hàng hoá vẫn còn mới, chưa qua sử dụng</span></p><p><span style=\"color: rgba(0, 0, 0, 0.8);\">  - Hàng hóa hư hỏng do vận chuyển hoặc do nhà sản xuất.</span></p><p><span style=\"color: rgba(0, 0, 0, 0.8);\">2. Trường hợp được chấp nhận:</span></p><p><span style=\"color: rgba(0, 0, 0, 0.8);\">  - Hàng không đúng chủng loại, mẫu mã như quý khách đặt hàng</span></p><p><span style=\"color: rgba(0, 0, 0, 0.8);\">  - Không đủ số lượng, không đủ bộ như trong đơn hàng</span></p>',1,1000,359000,10,'Còn hàng','Thùng Rác Thông Minh Cảm Ứng HOUSEWARE.jpg',2,1,10,1),(42,'Máy Xay Sinh Tố Cầm Tay','<p><span style=\"color: rgba(0, 0, 0, 0.8);\">ICHIHOME - GIA DỤNG THÔNG MINH xin giới thiệu đến khách hàng:</span></p><p><br></p><p><span style=\"color: rgba(0, 0, 0, 0.8);\">*Sản Phẩm:Máy Xay Sinh Tố Cầm Tay Mini Đa Năng Cao Cấp JUICER</span></p><p><span style=\"color: rgba(0, 0, 0, 0.8);\">--------------------------------------------</span></p><p><br></p><p><span style=\"color: rgba(0, 0, 0, 0.8);\">**Thông tin chi tiết sản phẩm:</span></p><p><span style=\"color: rgba(0, 0, 0, 0.8);\">--------------------------------------------</span></p><p><span style=\"color: rgba(0, 0, 0, 0.8);\">  - Kích Thước: 19.5x8.3x8.3cm, Khối Lượng: 0.8kg rất tiện lợi mang theo bên người.</span></p><p><span style=\"color: rgba(0, 0, 0, 0.8);\">  - Kết hợp 2 động cơ điện với lưỡi dao thép không gỉ tạo nên công suất cao tối đa lến đến 60W.</span></p><p><span style=\"color: rgba(0, 0, 0, 0.8);\">  - Có 2 dòng sản phẩm : Máy xay 2 lưỡi dao và Máy xay 4 lưỡi dao.</span></p><p><span style=\"color: rgba(0, 0, 0, 0.8);\">  - Thiết kế sang trọng đẹp mắt rất gọn để vừa vào túi xách, balo khi đi công tác hay du lịch.</span></p><p><span style=\"color: rgba(0, 0, 0, 0.8);\">  </span></p><p><span style=\"color: rgba(0, 0, 0, 0.8);\">**Công dụng nổi trội của sản phẩm Máy Xay Sinh Tố Cầm Tay JUICER:</span></p><p><span style=\"color: rgba(0, 0, 0, 0.8);\">--------------------------------------------</span></p><p><span style=\"color: rgba(0, 0, 0, 0.8);\">  - Sử dụng lưỡi dao cắt là thép không gỉ, thân cong giúp việc xay trở nên nhanh và dễ dàng hơn, mang lại hương vị nguyên bản của hoa quả, thực phẩm.</span></p><p><span style=\"color: rgba(0, 0, 0, 0.8);\">  - Công suất cao và dung lượng pin tốt nên tiết kiệm thời gian xay và tăng thời gian sử dụng máy xay, mang lại hiệu quả tối đa cho người dùng</span></p><p><span style=\"color: rgba(0, 0, 0, 0.8);\">** ICHIHOME cam kết với khách hàng về sản phẩm Máy Xay Sinh Tố Cầm Tay Mini Đa Năng Cao Cấp JUICER:</span></p><p><span style=\"color: rgba(0, 0, 0, 0.8);\">--------------------------------------------</span></p><p><span style=\"color: rgba(0, 0, 0, 0.8);\">  - Sản phẩm 100% giống mô tả</span></p><p><span style=\"color: rgba(0, 0, 0, 0.8);\">  - Đảm bảo chất lượng, dịch vụ tốt nhất, hàng được giao từ 1-5 ngày kể từ ngày đặt hàng</span></p><p><span style=\"color: rgba(0, 0, 0, 0.8);\">  - Giao hàng trên toàn quốc theo hình thức COD hoặc qua ví Airpay</span></p><p><span style=\"color: rgba(0, 0, 0, 0.8);\">  - Đổi trả theo đúng quy định của Shopee:</span></p><p><span style=\"color: rgba(0, 0, 0, 0.8);\">1. Điều kiện áp dụng (trong vòng 07 ngày kể từ khi nhận sản phẩm):</span></p><p><span style=\"color: rgba(0, 0, 0, 0.8);\">  - Hàng hoá vẫn còn mới, chưa qua sử dụng</span></p><p><span style=\"color: rgba(0, 0, 0, 0.8);\">  - Hàng hóa hư hỏng do vận chuyển hoặc do nhà sản xuất.</span></p><p><span style=\"color: rgba(0, 0, 0, 0.8);\">2. Trường hợp được chấp nhận:</span></p><p><span style=\"color: rgba(0, 0, 0, 0.8);\">  - Hàng không đúng chủng loại, mẫu mã như quý khách đặt hàng</span></p><p><span style=\"color: rgba(0, 0, 0, 0.8);\">  - Không đủ số lượng, không đủ bộ như trong đơn hàng</span></p><p><br></p><p><span style=\"color: rgba(0, 0, 0, 0.8);\">ICHIHOME bảo hành 12 tháng cho sản phẩm  Máy Xay Sinh Tố Cầm Tay Mini Đa Năng Cao Cấp JUICER.</span></p>',1,1000,159000,10,'Còn hàng','Máy Xay Sinh Tố Cầm Tay.jpg',2,1,10,1),(43,'Đồ Bọc Giày Đi Mưa','<p><span style=\"color: rgba(0, 0, 0, 0.8);\">ICHIHOME - GIA DỤNG THÔNG MINH xin giới thiệu đến khách hàng:</span></p><p><span style=\"color: rgba(0, 0, 0, 0.8);\">--------------------------------</span></p><p><br></p><p><span style=\"color: rgba(0, 0, 0, 0.8);\">*Sản Phẩm: Giầy Đi Mưa Đồ Bọc Giầy Đi Mưa Dạng Ủng Đế Chống Trơn Trượt Thiết Kế Tiện Lợi Thông Minh</span></p><p><span style=\"color: rgba(0, 0, 0, 0.8);\">--------------------------------</span></p><p><br></p><p><span style=\"color: rgba(0, 0, 0, 0.8);\">** Thông tin chi tiết về sản phẩm:</span></p><p><span style=\"color: rgba(0, 0, 0, 0.8);\">-- Kích Thước: Có đủ size từ 34 -46 cho mọi người , Khối Lượng : 150g</span></p><p><span style=\"color: rgba(0, 0, 0, 0.8);\">-- Chất Liệu: Nhựa Trong Suốt Chống Thấm, Bám Nước Độ Bền Siêu Cao</span></p><p><span style=\"color: rgba(0, 0, 0, 0.8);\">-- Dùng khi đi trời mưa đường trơn trượt khó đi, có lớp đế chống trượt giúp đi lại dễ dàng trong mọi địa hình</span></p><p><span style=\"color: rgba(0, 0, 0, 0.8);\">-- Dùng để leo núi, vượt thác với cơ chế chống trơn trượt</span></p><p><br></p><p><span style=\"color: rgba(0, 0, 0, 0.8);\">** ICHIHOME cam kết với khách hàng về sản phẩm Giầy Đi Mưa Đồ Bọc Giầy Đi Mưa Dạng Ủng Đế Chống Trơn Trượt Thiết Kế Tiện Lợi Thông Minh</span></p><p><span style=\"color: rgba(0, 0, 0, 0.8);\">--------------------------------------------</span></p><p><span style=\"color: rgba(0, 0, 0, 0.8);\">  - Sản phẩm 100% giống mô tả</span></p><p><span style=\"color: rgba(0, 0, 0, 0.8);\">  - Đảm bảo chất lượng, dịch vụ tốt nhất, hàng được giao từ 1-5 ngày kể từ ngày đặt hàng</span></p><p><span style=\"color: rgba(0, 0, 0, 0.8);\">  - Giao hàng trên toàn quốc theo hình thức COD hoặc qua ví Airpay</span></p><p><span style=\"color: rgba(0, 0, 0, 0.8);\">  - Đổi trả theo đúng quy định của Shopee:</span></p><p><span style=\"color: rgba(0, 0, 0, 0.8);\">1. Điều kiện áp dụng (trong vòng 07 ngày kể từ khi nhận sản phẩm):</span></p><p><span style=\"color: rgba(0, 0, 0, 0.8);\">  - Hàng hoá vẫn còn mới, chưa qua sử dụng</span></p><p><span style=\"color: rgba(0, 0, 0, 0.8);\">  - Hàng hóa hư hỏng do vận chuyển hoặc do nhà sản xuất.</span></p><p><span style=\"color: rgba(0, 0, 0, 0.8);\">2. Trường hợp được chấp nhận:</span></p><p><span style=\"color: rgba(0, 0, 0, 0.8);\">  - Hàng không đúng chủng loại, mẫu mã như quý khách đặt hàng</span></p><p><span style=\"color: rgba(0, 0, 0, 0.8);\">  - Không đủ số lượng, không đủ bộ như trong đơn hàng</span></p>',1,1000,59000,10,'Còn hàng','Đồ Bọc Giày Đi Mưa.jpg',2,1,10,1),(44,'Combo 2 Móc Treo Đồ','<p><span style=\"color: rgba(0, 0, 0, 0.8);\">ICHIHOME - GIA DỤNG THÔNG MINH xin giới thiệu đến khách hàng:</span></p><p><span style=\"color: rgba(0, 0, 0, 0.8);\">--------------------------------</span></p><p><br></p><p><span style=\"color: rgba(0, 0, 0, 0.8);\">*Sản Phẩm: Giầy Đi Mưa Đồ Bọc Giầy Đi Mưa Dạng Ủng Đế Chống Trơn Trượt Thiết Kế Tiện Lợi Thông Minh</span></p><p><span style=\"color: rgba(0, 0, 0, 0.8);\">--------------------------------</span></p><p><br></p><p><span style=\"color: rgba(0, 0, 0, 0.8);\">** Thông tin chi tiết về sản phẩm:</span></p><p><span style=\"color: rgba(0, 0, 0, 0.8);\">-- Kích Thước: Có đủ size từ 34 -46 cho mọi người , Khối Lượng : 150g</span></p><p><span style=\"color: rgba(0, 0, 0, 0.8);\">-- Chất Liệu: Nhựa Trong Suốt Chống Thấm, Bám Nước Độ Bền Siêu Cao</span></p><p><span style=\"color: rgba(0, 0, 0, 0.8);\">-- Dùng khi đi trời mưa đường trơn trượt khó đi, có lớp đế chống trượt giúp đi lại dễ dàng trong mọi địa hình</span></p><p><span style=\"color: rgba(0, 0, 0, 0.8);\">-- Dùng để leo núi, vượt thác với cơ chế chống trơn trượt</span></p><p><br></p><p><span style=\"color: rgba(0, 0, 0, 0.8);\">** ICHIHOME cam kết với khách hàng về sản phẩm Giầy Đi Mưa Đồ Bọc Giầy Đi Mưa Dạng Ủng Đế Chống Trơn Trượt Thiết Kế Tiện Lợi Thông Minh</span></p><p><span style=\"color: rgba(0, 0, 0, 0.8);\">--------------------------------------------</span></p><p><span style=\"color: rgba(0, 0, 0, 0.8);\">  - Sản phẩm 100% giống mô tả</span></p><p><span style=\"color: rgba(0, 0, 0, 0.8);\">  - Đảm bảo chất lượng, dịch vụ tốt nhất, hàng được giao từ 1-5 ngày kể từ ngày đặt hàng</span></p><p><span style=\"color: rgba(0, 0, 0, 0.8);\">  - Giao hàng trên toàn quốc theo hình thức COD hoặc qua ví Airpay</span></p><p><span style=\"color: rgba(0, 0, 0, 0.8);\">  - Đổi trả theo đúng quy định của Shopee:</span></p><p><span style=\"color: rgba(0, 0, 0, 0.8);\">1. Điều kiện áp dụng (trong vòng 07 ngày kể từ khi nhận sản phẩm):</span></p><p><span style=\"color: rgba(0, 0, 0, 0.8);\">  - Hàng hoá vẫn còn mới, chưa qua sử dụng</span></p><p><span style=\"color: rgba(0, 0, 0, 0.8);\">  - Hàng hóa hư hỏng do vận chuyển hoặc do nhà sản xuất.</span></p><p><span style=\"color: rgba(0, 0, 0, 0.8);\">2. Trường hợp được chấp nhận:</span></p><p><span style=\"color: rgba(0, 0, 0, 0.8);\">  - Hàng không đúng chủng loại, mẫu mã như quý khách đặt hàng</span></p><p><span style=\"color: rgba(0, 0, 0, 0.8);\">  - Không đủ số lượng, không đủ bộ như trong đơn hàng</span></p>',1,1000,5000,10,'Còn hàng','Combo 2 Móc Treo Đồ.jpg',2,1,10,1),(45,'Hộp Nhựa Đựng Thực Phẩm','<p><span style=\"color: rgba(0, 0, 0, 0.8);\">ICHIHOME - GIA DỤNG THÔNG MINH xin giới thiệu đến khách hàng:</span></p><p><span style=\"color: rgba(0, 0, 0, 0.8);\">------------------------------------</span></p><p><span style=\"color: rgba(0, 0, 0, 0.8);\">*Sản Phẩm: Rổ Nhựa Rửa Thực Phẩm Rổ Nhựa Rửa Rau, Hoa Quả Rổ Nhựa Đa Năng</span></p><p><span style=\"color: rgba(0, 0, 0, 0.8);\">-------------------------------------</span></p><p><br></p><p><span style=\"color: rgba(0, 0, 0, 0.8);\">**Thông tin chi tiết về sản phẩm:</span></p><p><span style=\"color: rgba(0, 0, 0, 0.8);\">---------------------------------------</span></p><p><span style=\"color: rgba(0, 0, 0, 0.8);\">--Kích Thước: R25xD25xC10cm, Khối Lượng 400g</span></p><p><span style=\"color: rgba(0, 0, 0, 0.8);\">-- Chất Liệu: Nhựa PP Dẻo Cao Cấp chống thấm nước độ bền cao</span></p><p><span style=\"color: rgba(0, 0, 0, 0.8);\">-- Mẫu mã màu sắc đẹp mắt thiết kế tiện lợi thông minh </span></p><p><span style=\"color: rgba(0, 0, 0, 0.8);\">-- Rổ nhựa 2 ngăn đa năng và cực kì chắc chắn.</span></p><p><br></p><p><span style=\"color: rgba(0, 0, 0, 0.8);\">** ICHIHOME cam kết với khách hàng về sản phẩm</span></p><p><span style=\"color: rgba(0, 0, 0, 0.8);\">--------------------------------------------</span></p><p><span style=\"color: rgba(0, 0, 0, 0.8);\">  - Sản phẩm 100% giống mô tả</span></p><p><span style=\"color: rgba(0, 0, 0, 0.8);\">  - Đảm bảo chất lượng, dịch vụ tốt nhất, hàng được giao từ 1-5 ngày kể từ ngày đặt hàng</span></p><p><span style=\"color: rgba(0, 0, 0, 0.8);\">  - Giao hàng trên toàn quốc theo hình thức COD hoặc qua ví Airpay</span></p><p><span style=\"color: rgba(0, 0, 0, 0.8);\">  - Đổi trả theo đúng quy định của Shopee:</span></p><p><span style=\"color: rgba(0, 0, 0, 0.8);\">1. Điều kiện áp dụng (trong vòng 07 ngày kể từ khi nhận sản phẩm):</span></p><p><span style=\"color: rgba(0, 0, 0, 0.8);\">  - Hàng hoá vẫn còn mới, chưa qua sử dụng</span></p><p><span style=\"color: rgba(0, 0, 0, 0.8);\">  - Hàng hóa hư hỏng do vận chuyển hoặc do nhà sản xuất.</span></p><p><span style=\"color: rgba(0, 0, 0, 0.8);\">2. Trường hợp được chấp nhận:</span></p><p><span style=\"color: rgba(0, 0, 0, 0.8);\">  - Hàng không đúng chủng loại, mẫu mã như quý khách đặt hàng</span></p><p><span style=\"color: rgba(0, 0, 0, 0.8);\">  - Không đủ số lượng, không đủ bộ như trong đơn hàng</span></p>',1,1000,59000,10,'Còn hàng','Hộp Nhựa Đựng Thực Phẩm.jpg',2,1,10,1),(46,'Kệ Để Đồ Phòng Tắm ','<p><span style=\"color: rgba(0, 0, 0, 0.8);\">ICHIHOME - GIA DỤNG THÔNG MINH xin giới thiệu đến khách hàng:</span></p><p><span style=\"color: rgba(0, 0, 0, 0.8);\">------------------------------------</span></p><p><span style=\"color: rgba(0, 0, 0, 0.8);\">*Sản Phẩm: Kệ Để Đồ Phòng Tắm Treo Tường Thông Minh Tiện Lợi Không Cần Đục Tường Kệ Để Đồ Phòng Bếp</span></p><p><span style=\"color: rgba(0, 0, 0, 0.8);\">------------------------------------</span></p><p><br></p><p><span style=\"color: rgba(0, 0, 0, 0.8);\">**Thông tin chi tiết về sản phẩm:</span></p><p><span style=\"color: rgba(0, 0, 0, 0.8);\">-- Kích Thước: R10xD26.5xC15cm Khối Lượng 300g</span></p><p><span style=\"color: rgba(0, 0, 0, 0.8);\">-- Chất Liệu: Nhựa Dẻo Cao cấp chống thấm nước và độ bền cao</span></p><p><span style=\"color: rgba(0, 0, 0, 0.8);\">-- Dùng trong phòng tắm để đựng đồ mỹ phẩm, đồ nhà vệ sinh, treo khăn mặt và giá treo đồ</span></p><p><span style=\"color: rgba(0, 0, 0, 0.8);\">-- Dùng trong nhà bếp để đồ gia vị, treo thìa ...</span></p><p><br></p><p><span style=\"color: rgba(0, 0, 0, 0.8);\">** ICHIHOME cam kết với khách hàng về sản phẩm Kệ Để Đồ Phòng Tắm Treo Tường Thông Minh Tiện Lợi Không Cần Đục Tường Kệ Để Đồ Phòng Bếp:</span></p><p><span style=\"color: rgba(0, 0, 0, 0.8);\">--------------------------------------------</span></p><p><span style=\"color: rgba(0, 0, 0, 0.8);\">  - Sản phẩm 100% giống mô tả</span></p><p><span style=\"color: rgba(0, 0, 0, 0.8);\">  - Đảm bảo chất lượng, dịch vụ tốt nhất, hàng được giao từ 1-5 ngày kể từ ngày đặt hàng</span></p><p><span style=\"color: rgba(0, 0, 0, 0.8);\">  - Giao hàng trên toàn quốc theo hình thức COD hoặc qua ví Airpay</span></p><p><span style=\"color: rgba(0, 0, 0, 0.8);\">  - Đổi trả theo đúng quy định của Shopee:</span></p><p><span style=\"color: rgba(0, 0, 0, 0.8);\">1. Điều kiện áp dụng (trong vòng 07 ngày kể từ khi nhận sản phẩm):</span></p><p><span style=\"color: rgba(0, 0, 0, 0.8);\">  - Hàng hoá vẫn còn mới, chưa qua sử dụng</span></p><p><span style=\"color: rgba(0, 0, 0, 0.8);\">  - Hàng hóa hư hỏng do vận chuyển hoặc do nhà sản xuất.</span></p><p><span style=\"color: rgba(0, 0, 0, 0.8);\">2. Trường hợp được chấp nhận:</span></p><p><span style=\"color: rgba(0, 0, 0, 0.8);\">  - Hàng không đúng chủng loại, mẫu mã như quý khách đặt hàng</span></p><p><span style=\"color: rgba(0, 0, 0, 0.8);\">  - Không đủ số lượng, không đủ bộ như trong đơn hàng</span></p>',1,1000,59000,10,'Còn hàng','Kệ Để Đồ Phòng Tắm.jpg',2,1,10,1),(47,'Túi Lọc Rác Cho Bồn Rửa Chén','<p><span style=\"color: rgba(0, 0, 0, 0.8);\">ICHIHOME - GIA DỤNG THÔNG MINH xin giới thiệu đến khách hàng:</span></p><p><br></p><p><span style=\"color: rgba(0, 0, 0, 0.8);\">*Sản Phẩm: Túi Bọc Rác Cho Bồn Rửa Chén Bát Trong Nhà Bếp</span></p><p><span style=\"color: rgba(0, 0, 0, 0.8);\">---------------------------</span></p><p><br></p><p><span style=\"color: rgba(0, 0, 0, 0.8);\">Thông số chi tiết về sản phẩm: </span></p><p><span style=\"color: rgba(0, 0, 0, 0.8);\">-------------------------------</span></p><p><span style=\"color: rgba(0, 0, 0, 0.8);\">-- Combo 30 túi lọc rác cho bồn rửa chén</span></p><p><span style=\"color: rgba(0, 0, 0, 0.8);\">-- Túi lưới lọc rác bồn rửa chén với Chất liệu vải lưới nhuyễn giúp thoát nước và giữ lại tất cả rác thừa lại ngăn chặn gây tắt đường nước</span></p><p><span style=\"color: rgba(0, 0, 0, 0.8);\">-- Túi lưới lọc rác có độ co giãn thích hợp với nhiều loại ống thoát nước, bồn rửa chén</span></p><p><span style=\"color: rgba(0, 0, 0, 0.8);\">-- Túi lưới lọc rác có thiết kế gọn nhẹ, chỉ cần bọc vào ống thoát nước, bồn rửa chén.</span></p><p><span style=\"color: rgba(0, 0, 0, 0.8);\">-- Sau khi túi đầy rác thì đem bỏ đi hoặc rửa sạch và #_TÁI SỬ DỤNG nhiều lần.</span></p><p><span style=\"color: rgba(0, 0, 0, 0.8);\">-- Là phương pháp đơn giản để giải quyết tình trạng tắc nghẽn ống thoát nước thường gặp.</span></p><p><span style=\"color: rgba(0, 0, 0, 0.8);\">-- 1 Bịch gồm 30 túi lưới lọc rác cho bồn rửa chén sử dụng một lần, sử dụng được trong gần 100 ngày.</span></p><p><span style=\"color: rgba(0, 0, 0, 0.8);\">-- Kích thước mỗi túi: 9x9 cm, độ co giãn tối đa 18x18cm (Vui lòng cho phép sai số nhỏ do đo lường thủ công)</span></p><p><br></p><p><br></p><p><span style=\"color: rgba(0, 0, 0, 0.8);\">** ICHIHOME cam kết với khách hàng về sản phẩm:</span></p><p><span style=\"color: rgba(0, 0, 0, 0.8);\">--------------------------------------------</span></p><p><span style=\"color: rgba(0, 0, 0, 0.8);\">  - Sản phẩm 100% giống mô tả</span></p><p><span style=\"color: rgba(0, 0, 0, 0.8);\">  - Đảm bảo chất lượng, dịch vụ tốt nhất, hàng được giao từ 1-5 ngày kể từ ngày đặt hàng</span></p><p><span style=\"color: rgba(0, 0, 0, 0.8);\">  - Giao hàng trên toàn quốc theo hình thức COD hoặc qua ví Airpay</span></p><p><span style=\"color: rgba(0, 0, 0, 0.8);\">  - Đổi trả theo đúng quy định của Shopee:</span></p><p><span style=\"color: rgba(0, 0, 0, 0.8);\">1. Điều kiện áp dụng (trong vòng 07 ngày kể từ khi nhận sản phẩm):</span></p><p><span style=\"color: rgba(0, 0, 0, 0.8);\">  - Hàng hoá vẫn còn mới, chưa qua sử dụng</span></p><p><span style=\"color: rgba(0, 0, 0, 0.8);\">  - Hàng hóa hư hỏng do vận chuyển hoặc do nhà sản xuất.</span></p><p><span style=\"color: rgba(0, 0, 0, 0.8);\">2. Trường hợp được chấp nhận:</span></p><p><span style=\"color: rgba(0, 0, 0, 0.8);\">  - Hàng không đúng chủng loại, mẫu mã như quý khách đặt hàng</span></p><p><span style=\"color: rgba(0, 0, 0, 0.8);\">  - Không đủ số lượng, không đủ bộ như trong đơn hàng</span></p><p><br></p><p><br></p>',1,1000,15000,10,'Còn hàng','Túi Lọc Rác Cho Bồn Rửa Chén.jpg',2,1,10,1),(48,'Cây Rửa Bát Đĩa','<p><span style=\"color: rgba(0, 0, 0, 0.8);\">**Thông tin chi tiết về sản phẩm:</span></p><p><span style=\"color: rgba(0, 0, 0, 0.8);\">-- Kích Thước: Dài 24cm Miếng cọ rửa: 6cmx10cm, Khối lượng: 30g</span></p><p><span style=\"color: rgba(0, 0, 0, 0.8);\">-- Bộ sản phẩm gồm: 1 cây rửa bát, một miếng rửa bát, 1 miếng cọ nồi</span></p><p><span style=\"color: rgba(0, 0, 0, 0.8);\">-- Chất Liệu: Nhựa</span></p><p><span style=\"color: rgba(0, 0, 0, 0.8);\">** Công dụng của sản phẩm</span></p><p><span style=\"color: rgba(0, 0, 0, 0.8);\">-- Cây Rửa Bát Đĩa giúp việc cọ rửa trở nên dễ dàng và sạch sẽ hơn</span></p><p><span style=\"color: rgba(0, 0, 0, 0.8);\">-- Tránh được việc tiếp xúc trực tiếp với nước rửa bát chén làm hại da tay.</span></p><p><span style=\"color: rgba(0, 0, 0, 0.8);\">-- Cơ chế phút nước từ thân giúp việc cọ rửa nhanh chóng tiện lợi</span></p><p><span style=\"color: rgba(0, 0, 0, 0.8);\">-- Có 2 miếng rửa thay đổi theo từng nhu cầu rửa đồ.</span></p><p><br></p><p><span style=\"color: rgba(0, 0, 0, 0.8);\">** ICHIHOME cam kết với khách hàng về sản phẩm:</span></p><p><span style=\"color: rgba(0, 0, 0, 0.8);\">--------------------------------------------</span></p><p><span style=\"color: rgba(0, 0, 0, 0.8);\">  - Sản phẩm 100% giống mô tả</span></p><p><span style=\"color: rgba(0, 0, 0, 0.8);\">  - Đảm bảo chất lượng, dịch vụ tốt nhất, hàng được giao từ 1-5 ngày kể từ ngày đặt hàng</span></p><p><span style=\"color: rgba(0, 0, 0, 0.8);\">  - Giao hàng trên toàn quốc theo hình thức COD hoặc qua ví Airpay</span></p><p><span style=\"color: rgba(0, 0, 0, 0.8);\">  - Đổi trả theo đúng quy định của Shopee:</span></p><p><span style=\"color: rgba(0, 0, 0, 0.8);\">1. Điều kiện áp dụng (trong vòng 07 ngày kể từ khi nhận sản phẩm):</span></p><p><span style=\"color: rgba(0, 0, 0, 0.8);\">  - Hàng hoá vẫn còn mới, chưa qua sử dụng</span></p><p><span style=\"color: rgba(0, 0, 0, 0.8);\">  - Hàng hóa hư hỏng do vận chuyển hoặc do nhà sản xuất.</span></p><p><span style=\"color: rgba(0, 0, 0, 0.8);\">2. Trường hợp được chấp nhận:</span></p><p><span style=\"color: rgba(0, 0, 0, 0.8);\">  - Hàng không đúng chủng loại, mẫu mã như quý khách đặt hàng</span></p><p><span style=\"color: rgba(0, 0, 0, 0.8);\">  - Không đủ số lượng, không đủ bộ như trong đơn hàng</span></p>',1,1000,35000,10,'Còn hàng','Cây Rửa Bát Đĩa.jpg',2,1,10,1),(49,'Hộp Đựng Xà Bông Dán Tường','<p><span style=\"color: rgba(0, 0, 0, 0.8);\">ICHIHOME - GIA DỤNG THÔNG MINH xin giới thiệu đến khách hàng:</span></p><p><br></p><p><span style=\"color: rgba(0, 0, 0, 0.8);\">*Sản Phẩm: Hộp Đựng Xà Bông, Khay Đựng Xà Bông Thoát Nước Dính Tường</span></p><p><span style=\"color: rgba(0, 0, 0, 0.8);\">-----------------------------</span></p><p><span style=\"color: rgba(0, 0, 0, 0.8);\">**Thông tin chi tiết về sản phẩm:</span></p><p><span style=\"color: rgba(0, 0, 0, 0.8);\">-----------------------------</span></p><p><span style=\"color: rgba(0, 0, 0, 0.8);\">-- Kích Thước:R10xD13xC3.5cm, Khối Lượng: 40g</span></p><p><span style=\"color: rgba(0, 0, 0, 0.8);\">-- Chất liệu: Nhựa PP cao cấp chống nước và độ bền nào</span></p><p><span style=\"color: rgba(0, 0, 0, 0.8);\">-- Đủ loại màu sắc khác nhau</span></p><p><span style=\"color: rgba(0, 0, 0, 0.8);\">-- Thiết kế 2 lớp giúp thoáy nước và bảo vệ xà bông.</span></p><p><br></p><p><span style=\"color: rgba(0, 0, 0, 0.8);\">** ICHIHOME cam kết với khách hàng về sản phẩm Hộp Đựng Xà Bông, Khay Đựng Xà Bông Thoát Nước Dính Tường:</span></p><p><span style=\"color: rgba(0, 0, 0, 0.8);\">--------------------------------------------</span></p><p><span style=\"color: rgba(0, 0, 0, 0.8);\">  - Sản phẩm 100% giống mô tả,ảnh được đăng</span></p><p><span style=\"color: rgba(0, 0, 0, 0.8);\">  - Đảm bảo chất lượng, dịch vụ tốt nhất, hàng được giao từ 1-5 ngày kể từ ngày đặt hàng</span></p><p><span style=\"color: rgba(0, 0, 0, 0.8);\">  - Giao hàng trên toàn quốc theo hình thức COD hoặc qua ví Airpay</span></p><p><span style=\"color: rgba(0, 0, 0, 0.8);\">  - Đổi trả theo đúng quy định của Shopee:</span></p><p><span style=\"color: rgba(0, 0, 0, 0.8);\">1. Điều kiện áp dụng (trong vòng 07 ngày kể từ khi nhận sản phẩm):</span></p><p><span style=\"color: rgba(0, 0, 0, 0.8);\">  - Hàng hoá vẫn còn mới, chưa qua sử dụng</span></p><p><span style=\"color: rgba(0, 0, 0, 0.8);\">  - Hàng hóa hư hỏng do vận chuyển hoặc do nhà sản xuất.</span></p><p><span style=\"color: rgba(0, 0, 0, 0.8);\">2. Trường hợp được chấp nhận:</span></p><p><span style=\"color: rgba(0, 0, 0, 0.8);\">  - Hàng không đúng chủng loại, mẫu mã như quý khách đặt hàng</span></p><p><span style=\"color: rgba(0, 0, 0, 0.8);\">  - Không đủ số lượng, không đủ bộ như trong đơn hàng</span></p><p><span style=\"color: rgba(0, 0, 0, 0.8);\">                   ICHIHOME - GIA DỤNG THÔNG MINH</span></p>',1,1000,35000,10,'Còn hàng','Hộp Đựng Xà Bông Dán Tường.jpg',2,1,10,1),(50,'Dụng Cụ Tách Lòng Đỏ Trứng','<p><span style=\"color: rgba(0, 0, 0, 0.8);\">ICHIHOME - GIA DỤNG THÔNG MINH xin giới thiệu đến khách hàng:</span></p><p><br></p><p><span style=\"color: rgba(0, 0, 0, 0.8);\">*Sản Phẩm: Dụng Cụ Tách Lòng Đỏ Trứng</span></p><p><span style=\"color: rgba(0, 0, 0, 0.8);\">--------------------------------</span></p><p><br></p><p><span style=\"color: rgba(0, 0, 0, 0.8);\">**Thông tin chi tiết về sản phẩm:</span></p><p><span style=\"color: rgba(0, 0, 0, 0.8);\">-- Kích Thước: R2xD5xC2cm Khối Lượng: 10g</span></p><p><span style=\"color: rgba(0, 0, 0, 0.8);\">-- Chất Liệu: Nhựa Lúa Mạch Cao cấp An toàn và thân thiện với môi trường</span></p><p><span style=\"color: rgba(0, 0, 0, 0.8);\">-- Sử dụng dụng cụ tách lòng đỏ trứng giúp việc tách trứng trở nên dễ dàng thuận tiện hơn, mang lại hiệu quả và tránh chạm tay trực tiếp vào trứng.</span></p><p><br></p><p><span style=\"color: rgba(0, 0, 0, 0.8);\">** ICHIHOME cam kết với khách hàng về sản phẩm</span></p><p><span style=\"color: rgba(0, 0, 0, 0.8);\">--------------------------------------------</span></p><p><span style=\"color: rgba(0, 0, 0, 0.8);\">  - Sản phẩm 100% giống mô tả</span></p><p><span style=\"color: rgba(0, 0, 0, 0.8);\">  - Đảm bảo chất lượng, dịch vụ tốt nhất, hàng được giao từ 1-5 ngày kể từ ngày đặt hàng</span></p><p><span style=\"color: rgba(0, 0, 0, 0.8);\">  - Giao hàng trên toàn quốc theo hình thức COD hoặc qua ví Airpay</span></p><p><span style=\"color: rgba(0, 0, 0, 0.8);\">  - Đổi trả theo đúng quy định của Shopee:</span></p><p><span style=\"color: rgba(0, 0, 0, 0.8);\">1. Điều kiện áp dụng (trong vòng 07 ngày kể từ khi nhận sản phẩm):</span></p><p><span style=\"color: rgba(0, 0, 0, 0.8);\">  - Hàng hoá vẫn còn mới, chưa qua sử dụng</span></p><p><span style=\"color: rgba(0, 0, 0, 0.8);\">  - Hàng hóa hư hỏng do vận chuyển hoặc do nhà sản xuất.</span></p><p><span style=\"color: rgba(0, 0, 0, 0.8);\">2. Trường hợp được chấp nhận:</span></p><p><span style=\"color: rgba(0, 0, 0, 0.8);\">  - Hàng không đúng chủng loại, mẫu mã như quý khách đặt hàng</span></p><p><span style=\"color: rgba(0, 0, 0, 0.8);\">  - Không đủ số lượng, không đủ bộ như trong đơn hàng</span></p>',1,1000,5000,10,'Còn hàng','Dụng Cụ Tách Lòng Đỏ Trứng.jpg',2,1,10,1),(51,'Cốc Nhựa Đánh Răng','<p><span style=\"color: rgba(0, 0, 0, 0.8);\">ICHIHOME - GIA DỤNG THÔNG MINH xin giới thiệu đến khách hàng:</span></p><p><br></p><p><span style=\"color: rgba(0, 0, 0, 0.8);\">*Sản Phẩm: Cốc Nhựa Đánh Răng Cốc Súc Miệng Đựng Bàn Chải Đánh Răng Dùng Trong Phòng Tắm</span></p><p><span style=\"color: rgba(0, 0, 0, 0.8);\">----------------------------------</span></p><p><br></p><p><span style=\"color: rgba(0, 0, 0, 0.8);\">**Thông tin chi tiết về sản phẩm: </span></p><p><span style=\"color: rgba(0, 0, 0, 0.8);\"> -- Kích Thước: R6xC10.5  Khối Lượng: 100g</span></p><p><span style=\"color: rgba(0, 0, 0, 0.8);\">-- Chất Liệu: Nhựa PP cao cấp chống thấm nước, độ bền cao.</span></p><p><span style=\"color: rgba(0, 0, 0, 0.8);\">-- Với thiết kế bắt mắt của sản phẩm, khi sử dụng giúp không gian phòng tắm trở nên sang trọng hơn</span></p><p><br></p><p><span style=\"color: rgba(0, 0, 0, 0.8);\">** ICHIHOME cam kết với khách hàng về sản phẩm Cốc Nhựa Đánh Răng Cốc Súc Miệng Đựng Bàn Chải Đánh Răng Dùng Trong Phòng Tắm</span></p><p><span style=\"color: rgba(0, 0, 0, 0.8);\">--------------------------------------------</span></p><p><span style=\"color: rgba(0, 0, 0, 0.8);\">  - Sản phẩm 100% giống mô tả</span></p><p><span style=\"color: rgba(0, 0, 0, 0.8);\">  - Đảm bảo chất lượng, dịch vụ tốt nhất, hàng được giao từ 1-5 ngày kể từ ngày đặt hàng</span></p><p><span style=\"color: rgba(0, 0, 0, 0.8);\">  - Giao hàng trên toàn quốc theo hình thức COD hoặc qua ví Airpay</span></p><p><span style=\"color: rgba(0, 0, 0, 0.8);\">  - Đổi trả theo đúng quy định của Shopee:</span></p><p><span style=\"color: rgba(0, 0, 0, 0.8);\">1. Điều kiện áp dụng (trong vòng 07 ngày kể từ khi nhận sản phẩm):</span></p><p><span style=\"color: rgba(0, 0, 0, 0.8);\">  - Hàng hoá vẫn còn mới, chưa qua sử dụng</span></p><p><span style=\"color: rgba(0, 0, 0, 0.8);\">  - Hàng hóa hư hỏng do vận chuyển hoặc do nhà sản xuất.</span></p><p><span style=\"color: rgba(0, 0, 0, 0.8);\">2. Trường hợp được chấp nhận:</span></p><p><span style=\"color: rgba(0, 0, 0, 0.8);\">  - Hàng không đúng chủng loại, mẫu mã như quý khách đặt hàng</span></p><p><span style=\"color: rgba(0, 0, 0, 0.8);\">  - Không đủ số lượng, không đủ bộ như trong đơn hàng</span></p>',1,1000,5000,10,'Còn hàng','Cốc Nhựa Đánh Răng.jpg',2,1,10,1);
/*!40000 ALTER TABLE `product` ENABLE KEYS */;
UNLOCK TABLES;

--
-- Temporary view structure for view `productview`
--

DROP TABLE IF EXISTS `productview`;
/*!50001 DROP VIEW IF EXISTS `productview`*/;
SET @saved_cs_client     = @@character_set_client;
/*!50503 SET character_set_client = utf8mb4 */;
/*!50001 CREATE VIEW `productview` AS SELECT 
 1 AS `id`,
 1 AS `nameProduct`,
 1 AS `description`,
 1 AS `warranty`,
 1 AS `quantity`,
 1 AS `price`,
 1 AS `promotional`,
 1 AS `status`,
 1 AS `image`,
 1 AS `nameCategory`,
 1 AS `nameUnit`,
 1 AS `nameManufacturer`,
 1 AS `nameOrigin`*/;
SET character_set_client = @saved_cs_client;

--
-- Table structure for table `role`
--

DROP TABLE IF EXISTS `role`;
/*!40101 SET @saved_cs_client     = @@character_set_client */;
/*!50503 SET character_set_client = utf8mb4 */;
CREATE TABLE `role` (
  `id` int NOT NULL AUTO_INCREMENT,
  `nameRole` varchar(100) NOT NULL,
  `description` text NOT NULL,
  PRIMARY KEY (`id`),
  UNIQUE KEY `nameRole` (`nameRole`)
) ENGINE=InnoDB AUTO_INCREMENT=4 DEFAULT CHARSET=utf8mb4 COLLATE=utf8mb4_0900_ai_ci;
/*!40101 SET character_set_client = @saved_cs_client */;

--
-- Dumping data for table `role`
--

LOCK TABLES `role` WRITE;
/*!40000 ALTER TABLE `role` DISABLE KEYS */;
INSERT INTO `role` VALUES (1,'Administrators','Quyền cho quản trị viên'),(2,'Customer','Quyền dành cho khách hàng'),(3,'Employee','Quyền dành cho nhân viên');
/*!40000 ALTER TABLE `role` ENABLE KEYS */;
UNLOCK TABLES;

--
-- Table structure for table `unit`
--

DROP TABLE IF EXISTS `unit`;
/*!40101 SET @saved_cs_client     = @@character_set_client */;
/*!50503 SET character_set_client = utf8mb4 */;
CREATE TABLE `unit` (
  `id` int NOT NULL AUTO_INCREMENT,
  `nameUnit` varchar(200) NOT NULL,
  `description` text NOT NULL,
  PRIMARY KEY (`id`),
  UNIQUE KEY `nameUnit` (`nameUnit`)
) ENGINE=InnoDB AUTO_INCREMENT=3 DEFAULT CHARSET=utf8mb4 COLLATE=utf8mb4_0900_ai_ci;
/*!40101 SET character_set_client = @saved_cs_client */;

--
-- Dumping data for table `unit`
--

LOCK TABLES `unit` WRITE;
/*!40000 ALTER TABLE `unit` DISABLE KEYS */;
INSERT INTO `unit` VALUES (1,'Chiếc','1'),(2,'Thùng','2');
/*!40000 ALTER TABLE `unit` ENABLE KEYS */;
UNLOCK TABLES;

--
-- Table structure for table `user`
--

DROP TABLE IF EXISTS `user`;
/*!40101 SET @saved_cs_client     = @@character_set_client */;
/*!50503 SET character_set_client = utf8mb4 */;
CREATE TABLE `user` (
  `id` int NOT NULL AUTO_INCREMENT,
  `fullname` text NOT NULL,
  `username` varchar(200) NOT NULL,
  `passwordEn` varchar(150) NOT NULL,
  `sex` varchar(50) DEFAULT '',
  `dateOfBirth` date DEFAULT '1980-09-12',
  `email` varchar(150) NOT NULL,
  `phone` varchar(150) NOT NULL,
  `address` text NOT NULL DEFAULT (_utf8mb4''),
  `statusLock` int NOT NULL DEFAULT (1),
  `countOrder` int DEFAULT (0),
  `totalMonny` double DEFAULT (0),
  `idRole` int NOT NULL,
  `createDate` datetime DEFAULT CURRENT_TIMESTAMP,
  `nameAvata` varchar(150) DEFAULT (_utf8mb4'default.jpg'),
  `idCard` int DEFAULT NULL,
  PRIMARY KEY (`id`),
  UNIQUE KEY `username` (`username`),
  UNIQUE KEY `email` (`email`),
  UNIQUE KEY `phone` (`phone`),
  UNIQUE KEY `idCard_UNIQUE` (`idCard`),
  KEY `idRole` (`idRole`),
  CONSTRAINT `user_ibfk_1` FOREIGN KEY (`idRole`) REFERENCES `role` (`id`)
) ENGINE=InnoDB AUTO_INCREMENT=51 DEFAULT CHARSET=utf8mb4 COLLATE=utf8mb4_0900_ai_ci;
/*!40101 SET character_set_client = @saved_cs_client */;

--
-- Dumping data for table `user`
--

LOCK TABLES `user` WRITE;
/*!40000 ALTER TABLE `user` DISABLE KEYS */;
INSERT INTO `user` VALUES (4,'Xuân Quý','client1','$argon2i$v=19$m=4096,t=3,p=1$xYRpGl/tsSZH6i4ZCpRGAA$To6xuKEJQRT4c3z55PPlW5uXug7xNQHpBEf5Qg9qcRc','Nam','1999-03-23','vuxuanquynnn@gmail.com','08686038251','TAY SON KIEN XUONG THAI BINH',1,0,0,2,'2022-04-30 10:09:05','image-1651593261305.png',1),(6,'Đặng Thị Hải Nhật','client2','$argon2i$v=19$m=4096,t=3,p=1$6nTvgfF4PQsnl3a3pCgGnQ$R6O/IL8ee/KyuNu970+wqvnyqPmkdWFOHKjCI41cmtA','Nữ','1999-02-27','dangthihainhat@gmail.com','0868603899','Lê lợi kiến xương thái bình',1,0,0,2,'2022-05-07 12:53:26','image-1651947644341.jpeg',6),(7,'Vũ Xuân Quý','vuxuanquy','$argon2i$v=19$m=4096,t=3,p=1$KyroShpIMij5EAZ9C4F3Tg$CnnRcEIrkZYvRJft6+43igixk8t2K7i/PTP6zFI2atY','Nam','1999-03-23','xuanquy@gmail.com','08686038255','Tây Sơn Kiến Xương Thái Bình',1,0,0,1,'2022-05-08 00:32:21','image-1651947944713.jpeg',NULL),(8,'Đặng Thị Hải Nhật','hainhat','$argon2i$v=19$m=4096,t=3,p=1$rhL1s0uoouHr6yvHC/9saw$57QJK6fxlrlvmhZQPFJkBIh8cXzghHONe2yAhboGOgI','Nữ','1999-02-27','hainhat@gmail.com','096952342444','Lê Lợi Kiến Xương Thái Bình',1,0,0,1,'2022-05-08 00:38:38','image-1651947369333.jpeg',NULL),(9,'employee1','employee1','$argon2i$v=19$m=4096,t=3,p=1$MTVf/LtgbjAejN+/ynLdfg$P9DzEi4XdWHAO/zfSR7mwmwikm6Txschq3tgZZelYIg','Nam','2002-05-09','employee@gmail.com','05466546489','Tiền Hải Kiến Xương Thái Bình',1,0,0,3,'2022-05-08 00:43:15','image-1651948101276.jpeg',NULL),(27,'Vũ Hồng Sơn','hongson','$argon2i$v=19$m=4096,t=3,p=1$ZO/bQZaiKoiBKZk7rzfMJQ$bqCrkBpoBGKzKbnO//mJ2YVT0yAWbzDA3Bix9COkTDs','Nam','2003-02-14','vuhongson@gmail.com','08686038256','TAY SON KIEN XUONG THAI BINH',1,0,0,1,'2022-05-08 10:58:28','image-1652597921339.png',NULL),(43,'Lê Quốc Huy','quochuy','$argon2i$v=19$m=4096,t=3,p=1$KyroShpIMij5EAZ9C4F3Tg$CnnRcEIrkZYvRJft6+43igixk8t2K7i/PTP6zFI2atY','Nam','2022-06-03','huy@gmail.com','0123','hai phong',1,0,0,1,'2022-05-14 11:26:37','default.png',NULL),(45,'Hồng Sơn','client3','$argon2i$v=19$m=4096,t=3,p=1$7MIxfY2EF9JE+OLcsYO+Rw$WxiWIH+rvevYpBdDvK8IapaSbcDtryXfr8aIGZJavTU',NULL,NULL,'hongson@gmail.com','546546644353','Tây Sơn Kiến Xương Thái Bình',1,0,0,2,'2022-05-22 10:48:58',NULL,9),(50,'Hồng Sơn2s','client6','$argon2i$v=19$m=4096,t=3,p=1$nqLoE4maQYTk0PkPr6/oLg$iqPdCDoVcrJt74GQRwgmXkVA3Q7ih8VF00NuTQh+OPE',NULL,NULL,'hongsocn2@gmail.com','546546644c3523','Tây Sơn Kiến Xương Thái Bình',1,0,0,2,'2022-05-22 11:04:52',NULL,10);
/*!40000 ALTER TABLE `user` ENABLE KEYS */;
UNLOCK TABLES;

--
-- Final view structure for view `productview`
--

/*!50001 DROP VIEW IF EXISTS `productview`*/;
/*!50001 SET @saved_cs_client          = @@character_set_client */;
/*!50001 SET @saved_cs_results         = @@character_set_results */;
/*!50001 SET @saved_col_connection     = @@collation_connection */;
/*!50001 SET character_set_client      = utf8mb4 */;
/*!50001 SET character_set_results     = utf8mb4 */;
/*!50001 SET collation_connection      = utf8mb4_0900_ai_ci */;
/*!50001 CREATE ALGORITHM=UNDEFINED */
/*!50013 DEFINER=`root`@`localhost` SQL SECURITY DEFINER */
/*!50001 VIEW `productview` AS select `product`.`id` AS `id`,`product`.`nameProduct` AS `nameProduct`,`product`.`description` AS `description`,`product`.`warranty` AS `warranty`,`product`.`quantity` AS `quantity`,`product`.`price` AS `price`,`product`.`promotional` AS `promotional`,`product`.`status` AS `status`,`product`.`image` AS `image`,`category`.`nameCategory` AS `nameCategory`,`unit`.`nameUnit` AS `nameUnit`,`manufacturer`.`nameManufacturer` AS `nameManufacturer`,`origin`.`nameOrigin` AS `nameOrigin` from ((((`product` join `manufacturer` on((`product`.`idManufacturer` = `manufacturer`.`id`))) join `origin` on((`product`.`idOrigin` = `origin`.`id`))) join `category` on((`product`.`idCategory` = `category`.`id`))) join `unit` on((`product`.`idUnit` = `unit`.`id`))) */;
/*!50001 SET character_set_client      = @saved_cs_client */;
/*!50001 SET character_set_results     = @saved_cs_results */;
/*!50001 SET collation_connection      = @saved_col_connection */;
/*!40103 SET TIME_ZONE=@OLD_TIME_ZONE */;

/*!40101 SET SQL_MODE=@OLD_SQL_MODE */;
/*!40014 SET FOREIGN_KEY_CHECKS=@OLD_FOREIGN_KEY_CHECKS */;
/*!40014 SET UNIQUE_CHECKS=@OLD_UNIQUE_CHECKS */;
/*!40101 SET CHARACTER_SET_CLIENT=@OLD_CHARACTER_SET_CLIENT */;
/*!40101 SET CHARACTER_SET_RESULTS=@OLD_CHARACTER_SET_RESULTS */;
/*!40101 SET COLLATION_CONNECTION=@OLD_COLLATION_CONNECTION */;
/*!40111 SET SQL_NOTES=@OLD_SQL_NOTES */;

-- Dump completed on 2022-05-23 12:47:33
